player0,player1,total_count,p1_count,p1_pred,y_pred
Adrian Mannarino,Albert Ramos-Vinolas,6,3,3,0.5
Adrian Mannarino,Alexander Bublik,1,1,0,0
Adrian Mannarino,Alexander Zverev,2,2,2,1
Adrian Mannarino,Aljaz Bedene,2,0,1,0.5
Adrian Mannarino,Andreas Seppi,9,5,4,0.4444444444444444
Adrian Mannarino,Andrey Rublev,1,1,1,1
Adrian Mannarino,Benoit Paire,2,0,1,0.5
Adrian Mannarino,Borna Coric,4,0,2,0.5
Adrian Mannarino,Cameron Norrie,2,2,1,0.5
Adrian Mannarino,Casper Ruud,1,0,0,0
Adrian Mannarino,Daniel Evans,2,1,1,0.5
Adrian Mannarino,Daniil Medvedev,4,1,3,0.75
Adrian Mannarino,David Goffin,5,4,4,0.8
Adrian Mannarino,Denis Shapovalov,2,1,1,0.5
Adrian Mannarino,Dominic Thiem,8,8,7,0.875
Adrian Mannarino,Dusan Lajovic,3,2,1,0.3333333333333333
Adrian Mannarino,Egor Gerasimov,2,1,1,0.5
Adrian Mannarino,Fabio Fognini,5,3,3,0.6
Adrian Mannarino,Federico Delbonis,1,0,0,0
Adrian Mannarino,Feliciano Lopez,1,1,1,1
Adrian Mannarino,Frances Tiafoe,2,1,1,0.5
Adrian Mannarino,Gael Monfils,4,2,3,0.75
Adrian Mannarino,Gilles Simon,2,1,1,0.5
Adrian Mannarino,Grigor Dimitrov,1,1,1,1
Adrian Mannarino,Guido Pella,1,0,1,1
Adrian Mannarino,Ilya Ivashka,1,0,0,0
Adrian Mannarino,James Duckworth,1,0,0,0
Adrian Mannarino,Jeremy Chardy,5,5,3,0.6
Adrian Mannarino,Jiri Vesely,3,1,1,0.3333333333333333
Adrian Mannarino,Jo-Wilfried Tsonga,3,2,2,0.6666666666666666
Adrian Mannarino,John Isner,7,7,5,0.7142857142857143
Adrian Mannarino,John Millman,1,1,1,1
Adrian Mannarino,Jordan Thompson,4,1,2,0.5
Adrian Mannarino,Karen Khachanov,3,3,2,0.6666666666666666
Adrian Mannarino,Kei Nishikori,2,2,2,1
Adrian Mannarino,Kevin Anderson,6,5,5,0.8333333333333334
Adrian Mannarino,Kyle Edmund,2,1,1,0.5
Adrian Mannarino,Lorenzo Sonego,2,2,1,0.5
Adrian Mannarino,Lucas Pouille,2,0,1,0.5
Adrian Mannarino,Marcos Giron,1,0,0,0
Adrian Mannarino,Marin Cilic,3,2,2,0.6666666666666666
Adrian Mannarino,Marton Fucsovics,1,1,1,1
Adrian Mannarino,Matteo Berrettini,1,0,1,1
Adrian Mannarino,Mikhail Kukushkin,4,0,2,0.5
Adrian Mannarino,Milos Raonic,3,2,2,0.6666666666666666
Adrian Mannarino,Nikoloz Basilashvili,1,1,1,1
Adrian Mannarino,Norbert Gombos,1,1,0,0
Adrian Mannarino,Novak Djokovic,4,4,4,1
Adrian Mannarino,Pablo Andujar,2,1,1,0.5
Adrian Mannarino,Pierre-Hugues Herbert,1,0,1,1
Adrian Mannarino,Rafael Nadal,2,2,2,1
Adrian Mannarino,Reilly Opelka,1,1,1,1
Adrian Mannarino,Richard Gasquet,2,2,2,1
Adrian Mannarino,Roberto Bautista Agut,3,3,2,0.6666666666666666
Adrian Mannarino,Roberto Carballes Baena,1,0,0,0
Adrian Mannarino,Roger Federer,6,6,6,1
Adrian Mannarino,Salvatore Caruso,1,0,0,0
Adrian Mannarino,Sam Querrey,6,3,4,0.6666666666666666
Adrian Mannarino,Stan Wawrinka,1,0,1,1
Adrian Mannarino,Stefano Travaglia,2,0,1,0.5
Adrian Mannarino,Stefanos Tsitsipas,1,1,1,1
Adrian Mannarino,Steve Johnson,5,4,3,0.6
Adrian Mannarino,Tennys Sandgren,2,1,1,0.5
Adrian Mannarino,Ugo Humbert,1,0,0,0
Adrian Mannarino,Vasek Pospisil,2,2,1,0.5
Albert Ramos-Vinolas,Alejandro Davidovich Fokina,1,0,1,1
Albert Ramos-Vinolas,Alexander Bublik,1,1,1,1
Albert Ramos-Vinolas,Alexei Popyrin,1,0,0,0
Albert Ramos-Vinolas,Aljaz Bedene,1,1,0,0
Albert Ramos-Vinolas,Andreas Seppi,2,1,1,0.5
Albert Ramos-Vinolas,Andrey Rublev,3,2,2,0.6666666666666666
Albert Ramos-Vinolas,Benoit Paire,3,1,2,0.6666666666666666
Albert Ramos-Vinolas,Borna Coric,4,3,2,0.5
Albert Ramos-Vinolas,Cameron Norrie,1,0,0,0
Albert Ramos-Vinolas,Casper Ruud,4,0,1,0.25
Albert Ramos-Vinolas,Daniil Medvedev,1,1,1,1
Albert Ramos-Vinolas,David Goffin,1,1,1,1
Albert Ramos-Vinolas,Dominic Thiem,3,2,2,0.6666666666666666
Albert Ramos-Vinolas,Dusan Lajovic,3,2,1,0.3333333333333333
Albert Ramos-Vinolas,Fabio Fognini,10,8,7,0.7
Albert Ramos-Vinolas,Federico Delbonis,8,5,3,0.375
Albert Ramos-Vinolas,Feliciano Lopez,2,0,1,0.5
Albert Ramos-Vinolas,Gael Monfils,6,4,5,0.8333333333333334
Albert Ramos-Vinolas,Grigor Dimitrov,3,2,2,0.6666666666666666
Albert Ramos-Vinolas,Guido Pella,4,2,2,0.5
Albert Ramos-Vinolas,Jan-Lennard Struff,3,1,2,0.6666666666666666
Albert Ramos-Vinolas,Jeremy Chardy,5,2,3,0.6
Albert Ramos-Vinolas,Jiri Vesely,3,2,2,0.6666666666666666
Albert Ramos-Vinolas,Jo-Wilfried Tsonga,6,6,5,0.8333333333333334
Albert Ramos-Vinolas,John Isner,3,2,2,0.6666666666666666
Albert Ramos-Vinolas,John Millman,1,1,1,1
Albert Ramos-Vinolas,Jordan Thompson,2,0,1,0.5
Albert Ramos-Vinolas,Juan Ignacio Londero,1,1,0,0
Albert Ramos-Vinolas,Karen Khachanov,5,4,3,0.6
Albert Ramos-Vinolas,Kei Nishikori,4,3,3,0.75
Albert Ramos-Vinolas,Kyle Edmund,1,1,1,1
Albert Ramos-Vinolas,Laslo Djere,2,1,1,0.5
Albert Ramos-Vinolas,Lorenzo Sonego,1,0,0,0
Albert Ramos-Vinolas,Lucas Pouille,4,1,2,0.5
Albert Ramos-Vinolas,Marin Cilic,7,4,5,0.7142857142857143
Albert Ramos-Vinolas,Marton Fucsovics,3,2,2,0.6666666666666666
Albert Ramos-Vinolas,Mikhail Kukushkin,3,2,2,0.6666666666666666
Albert Ramos-Vinolas,Milos Raonic,2,1,2,1
Albert Ramos-Vinolas,Miomir Kecmanovic,1,0,0,0
Albert Ramos-Vinolas,Nick Kyrgios,3,2,2,0.6666666666666666
Albert Ramos-Vinolas,Nikoloz Basilashvili,1,1,1,1
Albert Ramos-Vinolas,Norbert Gombos,1,0,0,0
Albert Ramos-Vinolas,Novak Djokovic,5,5,5,1
Albert Ramos-Vinolas,Pablo Andujar,8,6,4,0.5
Albert Ramos-Vinolas,Pierre-Hugues Herbert,2,2,1,0.5
Albert Ramos-Vinolas,Rafael Nadal,4,4,4,1
Albert Ramos-Vinolas,Reilly Opelka,1,1,1,1
Albert Ramos-Vinolas,Richard Gasquet,5,4,4,0.8
Albert Ramos-Vinolas,Roberto Bautista Agut,2,1,2,1
Albert Ramos-Vinolas,Roberto Carballes Baena,6,2,2,0.3333333333333333
Albert Ramos-Vinolas,Roger Federer,3,2,3,1
Albert Ramos-Vinolas,Sam Querrey,5,1,3,0.6
Albert Ramos-Vinolas,Stan Wawrinka,7,7,6,0.8571428571428571
Albert Ramos-Vinolas,Stefanos Tsitsipas,2,2,2,1
Albert Ramos-Vinolas,Steve Johnson,1,1,1,1
Albert Ramos-Vinolas,Tommy Paul,1,1,1,1
Albert Ramos-Vinolas,Vasek Pospisil,1,0,0,0
Albert Ramos-Vinolas,Yoshihito Nishioka,1,0,1,1
Alejandro Davidovich Fokina,Daniel Evans,1,0,0,0
Alejandro Davidovich Fokina,David Goffin,1,1,1,1
Alejandro Davidovich Fokina,Gael Monfils,1,0,1,1
Alejandro Davidovich Fokina,Gianluca Mager,1,0,1,1
Alejandro Davidovich Fokina,Jeremy Chardy,1,0,0,0
Alejandro Davidovich Fokina,Jordan Thompson,1,1,0,0
Alejandro Davidovich Fokina,Juan Ignacio Londero,1,1,0,0
Alejandro Davidovich Fokina,Kyle Edmund,1,1,1,1
Alejandro Davidovich Fokina,Norbert Gombos,1,0,0,0
Alejandro Davidovich Fokina,Richard Gasquet,1,1,1,1
Alejandro Davidovich Fokina,Roberto Carballes Baena,1,0,0,0
Alexander Bublik,Aljaz Bedene,1,1,0,0
Alexander Bublik,Andreas Seppi,1,1,1,1
Alexander Bublik,Andrey Rublev,3,2,2,0.6666666666666666
Alexander Bublik,Cameron Norrie,1,1,0,0
Alexander Bublik,Casper Ruud,1,1,0,0
Alexander Bublik,Daniel Evans,2,1,1,0.5
Alexander Bublik,Daniil Medvedev,1,1,1,1
Alexander Bublik,Dominic Thiem,1,1,1,1
Alexander Bublik,Egor Gerasimov,1,0,0,0
Alexander Bublik,Feliciano Lopez,1,1,1,1
Alexander Bublik,Frances Tiafoe,1,1,1,1
Alexander Bublik,Grigor Dimitrov,1,0,1,1
Alexander Bublik,Jan-Lennard Struff,1,1,1,1
Alexander Bublik,John Isner,1,1,1,1
Alexander Bublik,Jordan Thompson,2,1,1,0.5
Alexander Bublik,Lloyd Harris,2,0,1,0.5
Alexander Bublik,Lucas Pouille,1,0,1,1
Alexander Bublik,Nick Kyrgios,1,1,1,1
Alexander Bublik,Nikoloz Basilashvili,1,1,1,1
Alexander Bublik,Pablo Andujar,1,1,0,0
Alexander Bublik,Pierre-Hugues Herbert,1,1,1,1
Alexander Bublik,Reilly Opelka,1,1,1,1
Alexander Bublik,Roberto Bautista Agut,1,0,1,1
Alexander Bublik,Roberto Carballes Baena,1,0,0,0
Alexander Bublik,Tennys Sandgren,3,1,1,0.3333333333333333
Alexander Bublik,Tommy Paul,1,0,0,0
Alexander Bublik,Yoshihito Nishioka,2,1,1,0.5
Alexander Zverev,Alexei Popyrin,2,0,0,0
Alexander Zverev,Aljaz Bedene,3,0,0,0
Alexander Zverev,Andreas Seppi,2,1,0,0
Alexander Zverev,Andrey Rublev,3,0,1,0.3333333333333333
Alexander Zverev,Benoit Paire,2,1,0,0
Alexander Zverev,Borna Coric,4,3,1,0.25
Alexander Zverev,Cameron Norrie,2,0,0,0
Alexander Zverev,Daniel Evans,1,1,0,0
Alexander Zverev,Daniil Medvedev,5,1,2,0.4
Alexander Zverev,David Goffin,3,1,1,0.3333333333333333
Alexander Zverev,Denis Shapovalov,3,1,1,0.3333333333333333
Alexander Zverev,Dominic Thiem,7,5,3,0.42857142857142855
Alexander Zverev,Dusan Lajovic,2,0,0,0
Alexander Zverev,Egor Gerasimov,1,0,0,0
Alexander Zverev,Fabio Fognini,4,1,1,0.25
Alexander Zverev,Federico Delbonis,2,0,0,0
Alexander Zverev,Feliciano Lopez,1,0,0,0
Alexander Zverev,Filip Krajinovic,1,0,0,0
Alexander Zverev,Frances Tiafoe,6,1,1,0.16666666666666666
Alexander Zverev,Gael Monfils,3,3,1,0.3333333333333333
Alexander Zverev,Gilles Simon,4,0,1,0.25
Alexander Zverev,Grigor Dimitrov,3,1,1,0.3333333333333333
Alexander Zverev,Guido Pella,1,0,0,0
Alexander Zverev,Hubert Hurkacz,1,0,0,0
Alexander Zverev,James Duckworth,1,0,0,0
Alexander Zverev,Jan-Lennard Struff,5,1,1,0.2
Alexander Zverev,Jeremy Chardy,5,1,1,0.2
Alexander Zverev,Jiri Vesely,1,1,0,0
Alexander Zverev,Jo-Wilfried Tsonga,3,2,1,0.3333333333333333
Alexander Zverev,John Isner,5,1,2,0.4
Alexander Zverev,John Millman,1,0,0,0
Alexander Zverev,Jordan Thompson,1,0,0,0
Alexander Zverev,Juan Ignacio Londero,1,0,0,0
Alexander Zverev,Karen Khachanov,4,2,1,0.25
Alexander Zverev,Kei Nishikori,3,1,2,0.6666666666666666
Alexander Zverev,Kevin Anderson,4,0,1,0.25
Alexander Zverev,Kyle Edmund,3,0,1,0.3333333333333333
Alexander Zverev,Marin Cilic,5,1,2,0.4
Alexander Zverev,Matteo Berrettini,3,1,1,0.3333333333333333
Alexander Zverev,Mikhail Kukushkin,1,0,0,0
Alexander Zverev,Milos Raonic,3,2,1,0.3333333333333333
Alexander Zverev,Miomir Kecmanovic,1,1,0,0
Alexander Zverev,Nick Kyrgios,6,4,3,0.5
Alexander Zverev,Nikoloz Basilashvili,4,1,1,0.25
Alexander Zverev,Novak Djokovic,3,2,2,0.6666666666666666
Alexander Zverev,Pierre-Hugues Herbert,3,2,1,0.3333333333333333
Alexander Zverev,Radu Albot,1,0,0,0
Alexander Zverev,Rafael Nadal,4,4,3,0.75
Alexander Zverev,Richard Gasquet,4,0,1,0.25
Alexander Zverev,Roberto Bautista Agut,6,2,2,0.3333333333333333
Alexander Zverev,Roger Federer,5,2,4,0.8
Alexander Zverev,Sam Querrey,1,0,0,0
Alexander Zverev,Stan Wawrinka,2,0,1,0.5
Alexander Zverev,Stefanos Tsitsipas,4,3,2,0.5
Alexander Zverev,Steve Johnson,2,1,0,0
Alexander Zverev,Tennys Sandgren,1,0,0,0
Alexander Zverev,Vasek Pospisil,1,0,0,0
Alexander Zverev,Yannick Hanfmann,1,0,0,0
Alexander Zverev,Yoshihito Nishioka,1,0,0,0
Alexei Popyrin,Benoit Paire,1,0,1,1
Alexei Popyrin,Cameron Norrie,1,1,1,1
Alexei Popyrin,Corentin Moutet,1,1,1,1
Alexei Popyrin,Daniil Medvedev,1,1,1,1
Alexei Popyrin,Denis Shapovalov,1,1,1,1
Alexei Popyrin,Fabio Fognini,1,1,1,1
Alexei Popyrin,Federico Coria,1,0,1,1
Alexei Popyrin,Federico Delbonis,2,0,1,0.5
Alexei Popyrin,Gilles Simon,1,1,1,1
Alexei Popyrin,James Duckworth,1,0,1,1
Alexei Popyrin,John Isner,1,1,1,1
Alexei Popyrin,John Millman,2,2,2,1
Alexei Popyrin,Laslo Djere,2,2,1,0.5
Alexei Popyrin,Lloyd Harris,1,1,1,1
Alexei Popyrin,Lucas Pouille,1,1,1,1
Alexei Popyrin,Marton Fucsovics,1,0,1,1
Alexei Popyrin,Matteo Berrettini,1,1,1,1
Alexei Popyrin,Mikhail Kukushkin,1,0,1,1
Alexei Popyrin,Milos Raonic,1,1,1,1
Alexei Popyrin,Miomir Kecmanovic,2,2,1,0.5
Alexei Popyrin,Novak Djokovic,1,1,1,1
Alexei Popyrin,Pierre-Hugues Herbert,1,0,1,1
Alexei Popyrin,Roberto Carballes Baena,1,1,1,1
Alexei Popyrin,Stefano Travaglia,1,1,1,1
Alexei Popyrin,Tommy Paul,1,1,1,1
Alexei Popyrin,Ugo Humbert,1,0,1,1
Aljaz Bedene,Andreas Seppi,2,2,1,0.5
Aljaz Bedene,Andrey Rublev,1,1,1,1
Aljaz Bedene,Benoit Paire,7,4,5,0.7142857142857143
Aljaz Bedene,Borna Coric,4,3,3,0.75
Aljaz Bedene,Cameron Norrie,1,0,1,1
Aljaz Bedene,Dominic Thiem,3,3,3,1
Aljaz Bedene,Dusan Lajovic,3,3,2,0.6666666666666666
Aljaz Bedene,Fabio Fognini,8,7,6,0.75
Aljaz Bedene,Federico Delbonis,3,1,1,0.3333333333333333
Aljaz Bedene,Feliciano Lopez,1,0,1,1
Aljaz Bedene,Gael Monfils,1,1,1,1
Aljaz Bedene,Gilles Simon,3,0,2,0.6666666666666666
Aljaz Bedene,Guido Pella,2,1,1,0.5
Aljaz Bedene,James Duckworth,3,2,2,0.6666666666666666
Aljaz Bedene,Jannik Sinner,1,0,0,0
Aljaz Bedene,Jeremy Chardy,1,0,1,1
Aljaz Bedene,Jiri Vesely,3,2,2,0.6666666666666666
Aljaz Bedene,Jo-Wilfried Tsonga,2,2,2,1
Aljaz Bedene,John Isner,1,1,1,1
Aljaz Bedene,John Millman,1,1,1,1
Aljaz Bedene,Karen Khachanov,3,3,2,0.6666666666666666
Aljaz Bedene,Kevin Anderson,2,2,2,1
Aljaz Bedene,Laslo Djere,2,0,1,0.5
Aljaz Bedene,Lorenzo Sonego,1,0,1,1
Aljaz Bedene,Lucas Pouille,2,2,1,0.5
Aljaz Bedene,Marton Fucsovics,1,0,1,1
Aljaz Bedene,Matteo Berrettini,3,2,2,0.6666666666666666
Aljaz Bedene,Milos Raonic,3,3,3,1
Aljaz Bedene,Nick Kyrgios,1,1,1,1
Aljaz Bedene,Nikoloz Basilashvili,2,1,1,0.5
Aljaz Bedene,Novak Djokovic,3,3,3,1
Aljaz Bedene,Pierre-Hugues Herbert,1,1,1,1
Aljaz Bedene,Radu Albot,2,2,1,0.5
Aljaz Bedene,Rafael Nadal,2,2,2,1
Aljaz Bedene,Richard Gasquet,2,2,2,1
Aljaz Bedene,Roberto Bautista Agut,3,1,2,0.6666666666666666
Aljaz Bedene,Roberto Carballes Baena,2,0,1,0.5
Aljaz Bedene,Roger Federer,2,2,2,1
Aljaz Bedene,Sam Querrey,1,1,1,1
Aljaz Bedene,Stan Wawrinka,5,4,4,0.8
Aljaz Bedene,Steve Johnson,1,1,1,1
Aljaz Bedene,Tommy Paul,1,1,1,1
Aljaz Bedene,Vasek Pospisil,3,1,2,0.6666666666666666
Andreas Seppi,Andrey Rublev,1,1,1,1
Andreas Seppi,Benoit Paire,2,1,1,0.5
Andreas Seppi,Borna Coric,2,1,1,0.5
Andreas Seppi,Corentin Moutet,1,0,1,1
Andreas Seppi,Daniel Evans,1,1,1,1
Andreas Seppi,Daniil Medvedev,2,1,2,1
Andreas Seppi,David Goffin,2,2,2,1
Andreas Seppi,Denis Shapovalov,1,1,1,1
Andreas Seppi,Dominic Thiem,1,1,1,1
Andreas Seppi,Dusan Lajovic,2,0,1,0.5
Andreas Seppi,Fabio Fognini,5,5,4,0.8
Andreas Seppi,Federico Delbonis,2,0,1,0.5
Andreas Seppi,Feliciano Lopez,1,1,1,1
Andreas Seppi,Filip Krajinovic,2,1,1,0.5
Andreas Seppi,Frances Tiafoe,1,1,1,1
Andreas Seppi,Gael Monfils,3,2,2,0.6666666666666666
Andreas Seppi,Gilles Simon,3,3,2,0.6666666666666666
Andreas Seppi,Grigor Dimitrov,1,1,1,1
Andreas Seppi,Guido Pella,1,1,1,1
Andreas Seppi,Jan-Lennard Struff,2,2,1,0.5
Andreas Seppi,Jeremy Chardy,3,1,2,0.6666666666666666
Andreas Seppi,Jo-Wilfried Tsonga,3,3,3,1
Andreas Seppi,John Isner,3,2,2,0.6666666666666666
Andreas Seppi,John Millman,1,0,1,1
Andreas Seppi,Jordan Thompson,2,0,1,0.5
Andreas Seppi,Karen Khachanov,2,1,1,0.5
Andreas Seppi,Kei Nishikori,4,3,3,0.75
Andreas Seppi,Kevin Anderson,2,2,2,1
Andreas Seppi,Kyle Edmund,5,4,3,0.6
Andreas Seppi,Laslo Djere,1,1,0,0
Andreas Seppi,Lorenzo Sonego,1,1,1,1
Andreas Seppi,Lucas Pouille,1,1,1,1
Andreas Seppi,Marin Cilic,4,3,3,0.75
Andreas Seppi,Marton Fucsovics,2,2,1,0.5
Andreas Seppi,Matteo Berrettini,2,1,1,0.5
Andreas Seppi,Mikhail Kukushkin,2,1,1,0.5
Andreas Seppi,Milos Raonic,1,1,1,1
Andreas Seppi,Miomir Kecmanovic,1,0,0,0
Andreas Seppi,Nick Kyrgios,5,3,4,0.8
Andreas Seppi,Nikoloz Basilashvili,2,1,1,0.5
Andreas Seppi,Norbert Gombos,1,0,0,0
Andreas Seppi,Novak Djokovic,6,6,6,1
Andreas Seppi,Pablo Andujar,1,0,0,0
Andreas Seppi,Pierre-Hugues Herbert,2,1,1,0.5
Andreas Seppi,Radu Albot,4,2,2,0.5
Andreas Seppi,Rafael Nadal,3,3,3,1
Andreas Seppi,Richard Gasquet,5,5,4,0.8
Andreas Seppi,Roberto Bautista Agut,4,4,3,0.75
Andreas Seppi,Roberto Carballes Baena,1,0,0,0
Andreas Seppi,Roger Federer,8,7,7,0.875
Andreas Seppi,Sam Querrey,3,1,2,0.6666666666666666
Andreas Seppi,Stan Wawrinka,6,5,5,0.8333333333333334
Andreas Seppi,Stefanos Tsitsipas,1,0,1,1
Andreas Seppi,Steve Johnson,4,3,3,0.75
Andreas Seppi,Tommy Paul,1,0,1,1
Andreas Seppi,Vasek Pospisil,5,3,2,0.4
Andreas Seppi,Yoshihito Nishioka,2,1,1,0.5
Andrey Rublev,Borna Coric,2,0,1,0.5
Andrey Rublev,Casper Ruud,1,0,0,0
Andrey Rublev,Corentin Moutet,1,0,0,0
Andrey Rublev,Daniel Evans,1,0,0,0
Andrey Rublev,Daniil Medvedev,2,2,1,0.5
Andrey Rublev,David Goffin,1,0,1,1
Andrey Rublev,Denis Shapovalov,2,2,1,0.5
Andrey Rublev,Dominic Thiem,3,2,2,0.6666666666666666
Andrey Rublev,Dusan Lajovic,1,1,0,0
Andrey Rublev,Egor Gerasimov,2,1,1,0.5
Andrey Rublev,Fabio Fognini,5,4,3,0.6
Andrey Rublev,Filip Krajinovic,1,1,1,1
Andrey Rublev,Gael Monfils,1,1,1,1
Andrey Rublev,Grigor Dimitrov,4,2,3,0.75
Andrey Rublev,Guido Pella,1,0,0,0
Andrey Rublev,Ilya Ivashka,1,0,0,0
Andrey Rublev,Jan-Lennard Struff,2,2,1,0.5
Andrey Rublev,Jeremy Chardy,2,1,1,0.5
Andrey Rublev,Jo-Wilfried Tsonga,3,2,2,0.6666666666666666
Andrey Rublev,John Isner,1,1,1,1
Andrey Rublev,John Millman,1,0,0,0
Andrey Rublev,Karen Khachanov,2,2,1,0.5
Andrey Rublev,Kei Nishikori,1,1,1,1
Andrey Rublev,Kevin Anderson,1,1,1,1
Andrey Rublev,Lloyd Harris,1,0,0,0
Andrey Rublev,Lucas Pouille,2,0,1,0.5
Andrey Rublev,Marin Cilic,3,1,2,0.6666666666666666
Andrey Rublev,Marton Fucsovics,1,1,0,0
Andrey Rublev,Matteo Berrettini,4,3,2,0.5
Andrey Rublev,Mikhail Kukushkin,6,4,3,0.5
Andrey Rublev,Miomir Kecmanovic,1,0,0,0
Andrey Rublev,Nick Kyrgios,2,1,1,0.5
Andrey Rublev,Nikoloz Basilashvili,3,2,1,0.3333333333333333
Andrey Rublev,Norbert Gombos,1,0,0,0
Andrey Rublev,Pierre-Hugues Herbert,1,0,0,0
Andrey Rublev,Radu Albot,1,1,0,0
Andrey Rublev,Rafael Nadal,1,1,1,1
Andrey Rublev,Roberto Bautista Agut,2,2,1,0.5
Andrey Rublev,Roger Federer,1,0,1,1
Andrey Rublev,Sam Querrey,3,1,2,0.6666666666666666
Andrey Rublev,Stan Wawrinka,2,1,2,1
Andrey Rublev,Stefano Travaglia,1,0,0,0
Andrey Rublev,Stefanos Tsitsipas,1,0,1,1
Andrey Rublev,Steve Johnson,1,1,0,0
Andrey Rublev,Tommy Paul,1,0,0,0
Andrey Rublev,Ugo Humbert,1,0,0,0
Andrey Rublev,Vasek Pospisil,1,1,0,0
Andrey Rublev,Yoshihito Nishioka,1,1,0,0
Aslan Karatsev,Daniil Medvedev,1,0,1,1
Aslan Karatsev,Dusan Lajovic,1,1,0,0
Aslan Karatsev,Jeremy Chardy,1,1,0,0
Aslan Karatsev,Lucas Pouille,1,0,0,0
Aslan Karatsev,Nikoloz Basilashvili,1,0,0,0
Benoit Paire,Borna Coric,2,2,1,0.5
Benoit Paire,Cameron Norrie,1,1,0,0
Benoit Paire,Casper Ruud,1,1,0,0
Benoit Paire,Daniil Medvedev,2,2,1,0.5
Benoit Paire,David Goffin,7,4,5,0.7142857142857143
Benoit Paire,Denis Shapovalov,3,1,2,0.6666666666666666
Benoit Paire,Dominic Thiem,2,2,2,1
Benoit Paire,Dusan Lajovic,2,1,1,0.5
Benoit Paire,Egor Gerasimov,1,1,0,0
Benoit Paire,Fabio Fognini,3,0,2,0.6666666666666666
Benoit Paire,Feliciano Lopez,3,2,2,0.6666666666666666
Benoit Paire,Filip Krajinovic,1,1,1,1
Benoit Paire,Frances Tiafoe,1,1,0,0
Benoit Paire,Gael Monfils,2,1,1,0.5
Benoit Paire,Gilles Simon,8,5,5,0.625
Benoit Paire,Grigor Dimitrov,3,1,2,0.6666666666666666
Benoit Paire,Guido Pella,1,1,0,0
Benoit Paire,Hubert Hurkacz,2,1,1,0.5
Benoit Paire,James Duckworth,1,0,0,0
Benoit Paire,Jan-Lennard Struff,1,1,1,1
Benoit Paire,Jannik Sinner,1,0,0,0
Benoit Paire,Jeremy Chardy,1,1,0,0
Benoit Paire,Jiri Vesely,2,0,1,0.5
Benoit Paire,Jo-Wilfried Tsonga,5,4,4,0.8
Benoit Paire,John Isner,1,0,1,1
Benoit Paire,John Millman,3,1,1,0.3333333333333333
Benoit Paire,Jordan Thompson,1,1,0,0
Benoit Paire,Juan Ignacio Londero,2,0,1,0.5
Benoit Paire,Karen Khachanov,1,0,1,1
Benoit Paire,Kei Nishikori,9,7,7,0.7777777777777778
Benoit Paire,Kevin Anderson,1,1,1,1
Benoit Paire,Kyle Edmund,1,0,1,1
Benoit Paire,Lucas Pouille,4,3,2,0.5
Benoit Paire,Marin Cilic,6,5,4,0.6666666666666666
Benoit Paire,Marton Fucsovics,3,2,2,0.6666666666666666
Benoit Paire,Milos Raonic,1,0,1,1
Benoit Paire,Nick Kyrgios,2,0,1,0.5
Benoit Paire,Nikoloz Basilashvili,4,1,2,0.5
Benoit Paire,Norbert Gombos,1,0,0,0
Benoit Paire,Novak Djokovic,2,1,2,1
Benoit Paire,Pablo Andujar,4,0,1,0.25
Benoit Paire,Pierre-Hugues Herbert,4,1,2,0.5
Benoit Paire,Radu Albot,3,1,1,0.3333333333333333
Benoit Paire,Rafael Nadal,4,4,4,1
Benoit Paire,Reilly Opelka,1,0,1,1
Benoit Paire,Richard Gasquet,9,7,6,0.6666666666666666
Benoit Paire,Roberto Bautista Agut,8,8,6,0.75
Benoit Paire,Roberto Carballes Baena,1,0,0,0
Benoit Paire,Roger Federer,7,7,6,0.8571428571428571
Benoit Paire,Stan Wawrinka,12,9,9,0.75
Benoit Paire,Stefanos Tsitsipas,2,1,1,0.5
Benoit Paire,Steve Johnson,4,1,2,0.5
Benoit Paire,Ugo Humbert,2,1,1,0.5
Benoit Paire,Yoshihito Nishioka,1,0,0,0
Borna Coric,Cameron Norrie,2,1,1,0.5
Borna Coric,Casper Ruud,1,0,0,0
Borna Coric,Daniil Medvedev,5,2,3,0.6
Borna Coric,David Goffin,3,3,2,0.6666666666666666
Borna Coric,Denis Shapovalov,1,0,1,1
Borna Coric,Dominic Thiem,4,3,3,0.75
Borna Coric,Dusan Lajovic,2,2,1,0.5
Borna Coric,Fabio Fognini,2,2,1,0.5
Borna Coric,Federico Delbonis,1,1,0,0
Borna Coric,Feliciano Lopez,1,1,1,1
Borna Coric,Filip Krajinovic,2,1,1,0.5
Borna Coric,Gael Monfils,2,2,2,1
Borna Coric,Gilles Simon,1,1,1,1
Borna Coric,Guido Pella,1,1,1,1
Borna Coric,Hubert Hurkacz,1,0,1,1
Borna Coric,James Duckworth,1,0,0,0
Borna Coric,Jan-Lennard Struff,5,3,3,0.6
Borna Coric,Jeremy Chardy,4,2,2,0.5
Borna Coric,Jiri Vesely,6,1,2,0.3333333333333333
Borna Coric,Jo-Wilfried Tsonga,1,1,1,1
Borna Coric,John Isner,1,0,1,1
Borna Coric,John Millman,1,1,1,1
Borna Coric,Karen Khachanov,1,0,1,1
Borna Coric,Kei Nishikori,1,1,1,1
Borna Coric,Kevin Anderson,4,3,3,0.75
Borna Coric,Laslo Djere,1,1,0,0
Borna Coric,Lloyd Harris,1,0,0,0
Borna Coric,Lucas Pouille,4,2,2,0.5
Borna Coric,Marcos Giron,1,0,0,0
Borna Coric,Marin Cilic,6,6,5,0.8333333333333334
Borna Coric,Marton Fucsovics,1,0,0,0
Borna Coric,Mikhail Kukushkin,3,3,2,0.6666666666666666
Borna Coric,Milos Raonic,1,1,1,1
Borna Coric,Nick Kyrgios,4,2,3,0.75
Borna Coric,Nikoloz Basilashvili,5,2,2,0.4
Borna Coric,Novak Djokovic,3,3,3,1
Borna Coric,Pierre-Hugues Herbert,3,1,1,0.3333333333333333
Borna Coric,Rafael Nadal,4,2,4,1
Borna Coric,Reilly Opelka,1,1,1,1
Borna Coric,Richard Gasquet,1,0,1,1
Borna Coric,Roberto Bautista Agut,6,4,4,0.6666666666666666
Borna Coric,Roberto Carballes Baena,2,0,0,0
Borna Coric,Roger Federer,6,4,5,0.8333333333333334
Borna Coric,Salvatore Caruso,2,1,1,0.5
Borna Coric,Sam Querrey,2,1,1,0.5
Borna Coric,Stan Wawrinka,4,3,3,0.75
Borna Coric,Steve Johnson,1,1,1,1
Borna Coric,Ugo Humbert,1,1,0,0
Borna Coric,Vasek Pospisil,1,0,0,0
Borna Coric,Yoshihito Nishioka,1,1,0,0
Cameron Norrie,Daniil Medvedev,1,1,1,1
Cameron Norrie,Dominic Thiem,1,1,1,1
Cameron Norrie,Dusan Lajovic,3,2,1,0.3333333333333333
Cameron Norrie,Egor Gerasimov,1,0,1,1
Cameron Norrie,Fabio Fognini,1,1,1,1
Cameron Norrie,Federico Delbonis,2,1,1,0.5
Cameron Norrie,Feliciano Lopez,2,1,1,0.5
Cameron Norrie,Gael Monfils,2,2,2,1
Cameron Norrie,Gilles Simon,2,1,1,0.5
Cameron Norrie,Ilya Ivashka,1,0,0,0
Cameron Norrie,Jan-Lennard Struff,1,0,1,1
Cameron Norrie,Jeremy Chardy,2,0,1,0.5
Cameron Norrie,Jo-Wilfried Tsonga,1,1,1,1
Cameron Norrie,John Isner,2,1,2,1
Cameron Norrie,John Millman,1,0,1,1
Cameron Norrie,Jordan Thompson,3,1,1,0.3333333333333333
Cameron Norrie,Kei Nishikori,1,1,1,1
Cameron Norrie,Kevin Anderson,1,1,1,1
Cameron Norrie,Kyle Edmund,1,1,1,1
Cameron Norrie,Lorenzo Sonego,1,1,0,0
Cameron Norrie,Lucas Pouille,1,1,1,1
Cameron Norrie,Marton Fucsovics,2,0,1,0.5
Cameron Norrie,Mikhail Kukushkin,1,1,1,1
Cameron Norrie,Milos Raonic,1,1,1,1
Cameron Norrie,Pierre-Hugues Herbert,2,2,1,0.5
Cameron Norrie,Roberto Carballes Baena,1,1,0,0
Cameron Norrie,Sam Querrey,1,1,1,1
Cameron Norrie,Stan Wawrinka,1,1,1,1
Cameron Norrie,Tennys Sandgren,1,1,0,0
Cameron Norrie,Ugo Humbert,1,1,0,0
Cameron Norrie,Yoshihito Nishioka,3,2,2,0.6666666666666666
Casper Ruud,Daniel Evans,1,0,1,1
Casper Ruud,Egor Gerasimov,1,1,1,1
Casper Ruud,Federico Coria,1,1,1,1
Casper Ruud,Federico Delbonis,2,1,1,0.5
Casper Ruud,Filip Krajinovic,1,1,1,1
Casper Ruud,Gael Monfils,1,1,1,1
Casper Ruud,Guido Pella,2,2,1,0.5
Casper Ruud,Jan-Lennard Struff,2,2,1,0.5
Casper Ruud,John Isner,1,1,1,1
Casper Ruud,John Millman,1,1,1,1
Casper Ruud,Jordan Thompson,1,0,0,0
Casper Ruud,Laslo Djere,1,1,0,0
Casper Ruud,Lorenzo Musetti,1,0,1,1
Casper Ruud,Matteo Berrettini,1,0,1,1
Casper Ruud,Miomir Kecmanovic,1,0,1,1
Casper Ruud,Radu Albot,1,0,1,1
Casper Ruud,Reilly Opelka,2,1,1,0.5
Casper Ruud,Richard Gasquet,1,1,1,1
Casper Ruud,Roberto Bautista Agut,1,1,1,1
Casper Ruud,Roberto Carballes Baena,1,0,0,0
Casper Ruud,Roger Federer,1,1,1,1
Casper Ruud,Salvatore Caruso,1,0,0,0
Casper Ruud,Steve Johnson,1,1,1,1
Casper Ruud,Tennys Sandgren,1,0,0,0
Casper Ruud,Ugo Humbert,1,1,1,1
Corentin Moutet,David Goffin,2,2,2,1
Corentin Moutet,Dominic Thiem,1,1,1,1
Corentin Moutet,Dusan Lajovic,1,0,0,0
Corentin Moutet,Filip Krajinovic,1,1,1,1
Corentin Moutet,Grigor Dimitrov,1,0,1,1
Corentin Moutet,Guido Pella,2,1,1,0.5
Corentin Moutet,Hubert Hurkacz,1,1,1,1
Corentin Moutet,Ilya Ivashka,1,0,0,0
Corentin Moutet,Jeremy Chardy,1,1,1,1
Corentin Moutet,Juan Ignacio Londero,1,1,0,0
Corentin Moutet,Lorenzo Sonego,1,0,0,0
Corentin Moutet,Marin Cilic,1,1,1,1
Corentin Moutet,Mikhail Kukushkin,1,1,1,1
Corentin Moutet,Milos Raonic,1,0,1,1
Corentin Moutet,Novak Djokovic,1,1,1,1
Corentin Moutet,Pierre-Hugues Herbert,1,1,1,1
Corentin Moutet,Reilly Opelka,1,0,1,1
Corentin Moutet,Roberto Bautista Agut,1,1,1,1
Corentin Moutet,Salvatore Caruso,2,1,1,0.5
Corentin Moutet,Stan Wawrinka,1,0,1,1
Corentin Moutet,Stefanos Tsitsipas,1,1,1,1
Corentin Moutet,Steve Johnson,1,1,1,1
Corentin Moutet,Tennys Sandgren,1,0,0,0
Daniel Evans,Denis Shapovalov,1,1,1,1
Daniel Evans,Dominic Thiem,2,1,2,1
Daniel Evans,Dominik Koepfer,1,0,0,0
Daniel Evans,Dusan Lajovic,1,0,0,0
Daniel Evans,Federico Delbonis,1,0,0,0
Daniel Evans,Feliciano Lopez,1,1,1,1
Daniel Evans,Filip Krajinovic,1,1,1,1
Daniel Evans,Frances Tiafoe,2,1,1,0.5
Daniel Evans,Gael Monfils,1,1,1,1
Daniel Evans,Grigor Dimitrov,3,2,2,0.6666666666666666
Daniel Evans,Guido Pella,1,0,1,1
Daniel Evans,Ilya Ivashka,1,0,0,0
Daniel Evans,Jan-Lennard Struff,1,0,1,1
Daniel Evans,Jeremy Chardy,1,1,1,1
Daniel Evans,Jiri Vesely,1,1,1,1
Daniel Evans,Jo-Wilfried Tsonga,1,1,1,1
Daniel Evans,John Isner,2,1,1,0.5
Daniel Evans,Juan Ignacio Londero,1,0,0,0
Daniel Evans,Kei Nishikori,2,1,2,1
Daniel Evans,Kevin Anderson,1,1,1,1
Daniel Evans,Kyle Edmund,2,2,1,0.5
Daniel Evans,Lloyd Harris,1,0,0,0
Daniel Evans,Lucas Pouille,1,0,1,1
Daniel Evans,Marin Cilic,1,0,1,1
Daniel Evans,Marton Fucsovics,1,1,1,1
Daniel Evans,Nikoloz Basilashvili,1,0,0,0
Daniel Evans,Norbert Gombos,1,0,0,0
Daniel Evans,Pierre-Hugues Herbert,1,0,1,1
Daniel Evans,Radu Albot,3,1,1,0.3333333333333333
Daniel Evans,Rafael Nadal,1,1,1,1
Daniel Evans,Reilly Opelka,1,1,1,1
Daniel Evans,Richard Gasquet,1,1,1,1
Daniel Evans,Roger Federer,3,3,3,1
Daniel Evans,Stan Wawrinka,3,3,2,0.6666666666666666
Daniel Evans,Steve Johnson,1,1,1,1
Daniel Evans,Vasek Pospisil,1,0,0,0
Daniel Evans,Yoshihito Nishioka,3,3,2,0.6666666666666666
Daniil Medvedev,David Goffin,3,1,1,0.3333333333333333
Daniil Medvedev,Denis Shapovalov,3,2,1,0.3333333333333333
Daniil Medvedev,Dominic Thiem,3,2,2,0.6666666666666666
Daniil Medvedev,Dominik Koepfer,1,0,0,0
Daniil Medvedev,Dusan Lajovic,2,1,0,0
Daniil Medvedev,Egor Gerasimov,2,0,0,0
Daniil Medvedev,Fabio Fognini,3,1,1,0.3333333333333333
Daniil Medvedev,Feliciano Lopez,2,1,1,0.5
Daniil Medvedev,Filip Krajinovic,1,1,0,0
Daniil Medvedev,Frances Tiafoe,3,1,1,0.3333333333333333
Daniil Medvedev,Gael Monfils,2,1,1,0.5
Daniil Medvedev,Gilles Simon,2,2,1,0.5
Daniil Medvedev,Grigor Dimitrov,3,1,1,0.3333333333333333
Daniil Medvedev,Guido Pella,2,2,1,0.5
Daniil Medvedev,Jan-Lennard Struff,3,0,1,0.3333333333333333
Daniil Medvedev,Jeremy Chardy,3,2,1,0.3333333333333333
Daniil Medvedev,Jo-Wilfried Tsonga,3,1,2,0.6666666666666666
Daniil Medvedev,Juan Ignacio Londero,1,0,0,0
Daniil Medvedev,Karen Khachanov,2,1,1,0.5
Daniil Medvedev,Kei Nishikori,4,2,3,0.75
Daniil Medvedev,Kyle Edmund,4,2,2,0.5
Daniil Medvedev,Lloyd Harris,1,0,0,0
Daniil Medvedev,Lucas Pouille,5,4,2,0.4
Daniil Medvedev,Marin Cilic,1,0,1,1
Daniil Medvedev,Marton Fucsovics,2,0,1,0.5
Daniil Medvedev,Matteo Berrettini,1,0,0,0
Daniil Medvedev,Mikhail Kukushkin,1,0,0,0
Daniil Medvedev,Milos Raonic,2,0,1,0.5
Daniil Medvedev,Nick Kyrgios,2,2,1,0.5
Daniil Medvedev,Norbert Gombos,1,0,0,0
Daniil Medvedev,Novak Djokovic,4,2,3,0.75
Daniil Medvedev,Pierre-Hugues Herbert,3,2,1,0.3333333333333333
Daniil Medvedev,Radu Albot,1,0,0,0
Daniil Medvedev,Rafael Nadal,2,2,2,1
Daniil Medvedev,Reilly Opelka,2,0,1,0.5
Daniil Medvedev,Richard Gasquet,1,1,0.5,0.5
Daniil Medvedev,Roberto Bautista Agut,1,1,1,1
Daniil Medvedev,Roger Federer,3,3,3,1
Daniil Medvedev,Sam Querrey,1,0,0,0
Daniil Medvedev,Stan Wawrinka,2,0,1,0.5
Daniil Medvedev,Stefanos Tsitsipas,5,0,3,0.6
Daniil Medvedev,Steve Johnson,5,1,2,0.4
Daniil Medvedev,Vasek Pospisil,1,0,0,0
Daniil Medvedev,Yoshihito Nishioka,1,0,0,0
David Goffin,Denis Shapovalov,1,0,0,0
David Goffin,Dominic Thiem,9,2,5,0.5555555555555556
David Goffin,Dusan Lajovic,2,1,0,0
David Goffin,Fabio Fognini,1,1,0,0
David Goffin,Feliciano Lopez,4,1,1,0.25
David Goffin,Filip Krajinovic,3,2,1,0.3333333333333333
David Goffin,Frances Tiafoe,4,1,1,0.25
David Goffin,Gael Monfils,4,2,2,0.5
David Goffin,Gilles Simon,5,2,2,0.4
David Goffin,Grigor Dimitrov,6,5,3,0.5
David Goffin,Guido Pella,5,1,2,0.4
David Goffin,Jan-Lennard Struff,5,1,2,0.4
David Goffin,Jeremy Chardy,3,1,1,0.3333333333333333
David Goffin,Jiri Vesely,1,0,0,0
David Goffin,Jo-Wilfried Tsonga,6,4,4,0.6666666666666666
David Goffin,John Isner,3,2,2,0.6666666666666666
David Goffin,Karen Khachanov,5,1,2,0.4
David Goffin,Kei Nishikori,3,3,2,0.6666666666666666
David Goffin,Kevin Anderson,1,0,1,1
David Goffin,Kyle Edmund,1,1,0,0
David Goffin,Lucas Pouille,3,3,1,0.3333333333333333
David Goffin,Marin Cilic,6,3,3,0.5
David Goffin,Marton Fucsovics,1,1,0,0
David Goffin,Matteo Berrettini,1,0,0,0
David Goffin,Milos Raonic,5,3,3,0.6
David Goffin,Miomir Kecmanovic,1,0,0,0
David Goffin,Nick Kyrgios,3,3,2,0.6666666666666666
David Goffin,Nikoloz Basilashvili,2,0,1,0.5
David Goffin,Norbert Gombos,1,0,0,0
David Goffin,Novak Djokovic,7,6,6,0.8571428571428571
David Goffin,Pablo Andujar,3,1,1,0.3333333333333333
David Goffin,Pierre-Hugues Herbert,4,0,1,0.25
David Goffin,Radu Albot,3,0,1,0.3333333333333333
David Goffin,Rafael Nadal,4,4,4,1
David Goffin,Reilly Opelka,2,1,1,0.5
David Goffin,Richard Gasquet,4,1,2,0.5
David Goffin,Roberto Bautista Agut,4,1,2,0.5
David Goffin,Roberto Carballes Baena,1,1,0,0
David Goffin,Roger Federer,9,9,8,0.8888888888888888
David Goffin,Sam Querrey,2,1,1,0.5
David Goffin,Stan Wawrinka,5,3,3,0.6
David Goffin,Stefanos Tsitsipas,6,4,4,0.6666666666666666
David Goffin,Steve Johnson,1,0,0,0
David Goffin,Ugo Humbert,1,1,0,0
David Goffin,Vasek Pospisil,1,0,0,0
David Goffin,Yoshihito Nishioka,2,1,1,0.5
Denis Shapovalov,Dominic Thiem,2,2,1,0.5
Denis Shapovalov,Egor Gerasimov,1,0,0,0
Denis Shapovalov,Fabio Fognini,2,0,1,0.5
Denis Shapovalov,Filip Krajinovic,1,0,0,0
Denis Shapovalov,Frances Tiafoe,4,1,1,0.25
Denis Shapovalov,Gael Monfils,2,1,1,0.5
Denis Shapovalov,Grigor Dimitrov,1,1,1,1
Denis Shapovalov,Hubert Hurkacz,2,2,1,0.5
Denis Shapovalov,Ilya Ivashka,1,0,0,0
Denis Shapovalov,Jan-Lennard Struff,4,3,2,0.5
Denis Shapovalov,Jeremy Chardy,2,0,1,0.5
Denis Shapovalov,Jo-Wilfried Tsonga,2,1,1,0.5
Denis Shapovalov,John Millman,1,0,0,0
Denis Shapovalov,Kei Nishikori,2,1,1,0.5
Denis Shapovalov,Kevin Anderson,1,1,1,1
Denis Shapovalov,Kyle Edmund,4,1,2,0.5
Denis Shapovalov,Lucas Pouille,1,1,0,0
Denis Shapovalov,Marin Cilic,2,1,1,0.5
Denis Shapovalov,Marton Fucsovics,1,1,0,0
Denis Shapovalov,Matteo Berrettini,1,0,0,0
Denis Shapovalov,Mikhail Kukushkin,1,1,0,0
Denis Shapovalov,Milos Raonic,2,1,1,0.5
Denis Shapovalov,Miomir Kecmanovic,2,0,0,0
Denis Shapovalov,Nick Kyrgios,1,0,1,1
Denis Shapovalov,Nikoloz Basilashvili,2,2,1,0.5
Denis Shapovalov,Novak Djokovic,4,4,4,1
Denis Shapovalov,Pablo Andujar,1,0,0,0
Denis Shapovalov,Pierre-Hugues Herbert,2,1,1,0.5
Denis Shapovalov,Rafael Nadal,2,1,2,1
Denis Shapovalov,Reilly Opelka,1,0,0,0
Denis Shapovalov,Richard Gasquet,1,1,1,1
Denis Shapovalov,Roger Federer,1,1,1,1
Denis Shapovalov,Sam Querrey,1,0,0,0
Denis Shapovalov,Stan Wawrinka,2,1,1,0.5
Denis Shapovalov,Stefanos Tsitsipas,3,1,2,0.6666666666666666
Denis Shapovalov,Steve Johnson,1,0,0,0
Denis Shapovalov,Tennys Sandgren,2,0,0,0
Denis Shapovalov,Ugo Humbert,2,1,0,0
Denis Shapovalov,Vasek Pospisil,1,0,0,0
Denis Shapovalov,Yoshihito Nishioka,1,1,0,0
Dominic Thiem,Dusan Lajovic,5,1,1,0.2
Dominic Thiem,Fabio Fognini,4,1,1,0.25
Dominic Thiem,Federico Delbonis,2,0,0,0
Dominic Thiem,Feliciano Lopez,4,1,1,0.25
Dominic Thiem,Gael Monfils,4,0,2,0.5
Dominic Thiem,Gilles Simon,10,2,3,0.3
Dominic Thiem,Grigor Dimitrov,4,2,2,0.5
Dominic Thiem,Guido Pella,5,2,1,0.2
Dominic Thiem,Hubert Hurkacz,1,1,0,0
Dominic Thiem,Ilya Ivashka,1,0,0,0
Dominic Thiem,James Duckworth,2,1,0,0
Dominic Thiem,Jan-Lennard Struff,4,1,1,0.25
Dominic Thiem,Jeremy Chardy,1,0,0,0
Dominic Thiem,Jiri Vesely,3,1,1,0.3333333333333333
Dominic Thiem,Jo-Wilfried Tsonga,3,2,1,0.3333333333333333
Dominic Thiem,John Isner,2,1,1,0.5
Dominic Thiem,John Millman,3,0,1,0.3333333333333333
Dominic Thiem,Jordan Thompson,2,0,0,0
Dominic Thiem,Karen Khachanov,3,1,1,0.3333333333333333
Dominic Thiem,Kei Nishikori,4,3,2,0.5
Dominic Thiem,Kevin Anderson,7,5,3,0.42857142857142855
Dominic Thiem,Kyle Edmund,1,0,0,0
Dominic Thiem,Laslo Djere,1,1,0,0
Dominic Thiem,Lorenzo Sonego,1,0,0,0
Dominic Thiem,Lucas Pouille,2,2,1,0.5
Dominic Thiem,Marin Cilic,2,0,1,0.5
Dominic Thiem,Marton Fucsovics,2,0,0,0
Dominic Thiem,Matteo Berrettini,3,1,1,0.3333333333333333
Dominic Thiem,Milos Raonic,3,1,1,0.3333333333333333
Dominic Thiem,Nikoloz Basilashvili,2,1,0,0
Dominic Thiem,Novak Djokovic,8,5,6,0.75
Dominic Thiem,Pablo Andujar,2,0,0,0
Dominic Thiem,Pierre-Hugues Herbert,2,2,0,0
Dominic Thiem,Rafael Nadal,13,9,10,0.7692307692307693
Dominic Thiem,Richard Gasquet,3,2,1,0.3333333333333333
Dominic Thiem,Roberto Bautista Agut,4,3,2,0.5
Dominic Thiem,Roberto Carballes Baena,1,0,0,0
Dominic Thiem,Roger Federer,5,1,4,0.8
Dominic Thiem,Sam Querrey,5,2,2,0.4
Dominic Thiem,Stan Wawrinka,4,3,2,0.5
Dominic Thiem,Stefanos Tsitsipas,6,2,3,0.5
Dominic Thiem,Steve Johnson,4,1,1,0.25
Dominic Thiem,Tennys Sandgren,1,1,0,0
Dominic Thiem,Tommy Paul,1,0,0,0
Dominic Thiem,Vasek Pospisil,2,0,0,0
Dominic Thiem,Yoshihito Nishioka,1,0,0,0
Dominik Koepfer,Filip Krajinovic,1,0,1,1
Dominik Koepfer,Guido Pella,1,1,1,1
Dominik Koepfer,Lloyd Harris,1,1,0,0
Dominik Koepfer,Nikoloz Basilashvili,1,0,1,1
Dominik Koepfer,Norbert Gombos,1,1,0,0
Dominik Koepfer,Pablo Andujar,1,0,0,0
Dominik Koepfer,Radu Albot,1,1,0,0
Dominik Koepfer,Reilly Opelka,1,0,1,1
Dominik Koepfer,Tennys Sandgren,1,0,0,0
Dusan Lajovic,Fabio Fognini,1,1,1,1
Dusan Lajovic,Federico Delbonis,4,2,2,0.5
Dusan Lajovic,Feliciano Lopez,5,4,3,0.6
Dusan Lajovic,Frances Tiafoe,1,0,1,1
Dusan Lajovic,Gael Monfils,1,1,1,1
Dusan Lajovic,Gilles Simon,1,0,1,1
Dusan Lajovic,Grigor Dimitrov,2,1,2,1
Dusan Lajovic,Guido Pella,2,2,1,0.5
Dusan Lajovic,Hubert Hurkacz,1,1,1,1
Dusan Lajovic,James Duckworth,2,2,1,0.5
Dusan Lajovic,Jan-Lennard Struff,1,1,1,1
Dusan Lajovic,Jeremy Chardy,6,4,4,0.6666666666666666
Dusan Lajovic,Jiri Vesely,1,0,1,1
Dusan Lajovic,Jo-Wilfried Tsonga,2,2,2,1
Dusan Lajovic,John Isner,6,5,5,0.8333333333333334
Dusan Lajovic,John Millman,1,0,1,1
Dusan Lajovic,Juan Ignacio Londero,1,0,1,1
Dusan Lajovic,Karen Khachanov,2,0,1,0.5
Dusan Lajovic,Kei Nishikori,3,2,3,1
Dusan Lajovic,Kevin Anderson,2,2,2,1
Dusan Lajovic,Kyle Edmund,3,2,2,0.6666666666666666
Dusan Lajovic,Laslo Djere,2,1,1,0.5
Dusan Lajovic,Lloyd Harris,1,1,1,1
Dusan Lajovic,Lorenzo Sonego,1,0,0,0
Dusan Lajovic,Lucas Pouille,2,1,1,0.5
Dusan Lajovic,Marin Cilic,3,3,3,1
Dusan Lajovic,Milos Raonic,1,1,1,1
Dusan Lajovic,Nick Kyrgios,2,2,2,1
Dusan Lajovic,Nikoloz Basilashvili,5,4,3,0.6
Dusan Lajovic,Norbert Gombos,1,1,0,0
Dusan Lajovic,Novak Djokovic,2,2,2,1
Dusan Lajovic,Pablo Andujar,5,4,3,0.6
Dusan Lajovic,Pierre-Hugues Herbert,1,1,1,1
Dusan Lajovic,Radu Albot,1,1,0,0
Dusan Lajovic,Rafael Nadal,2,2,2,1
Dusan Lajovic,Reilly Opelka,1,1,1,1
Dusan Lajovic,Richard Gasquet,1,0,1,1
Dusan Lajovic,Roberto Bautista Agut,3,3,3,1
Dusan Lajovic,Roberto Carballes Baena,1,1,0,0
Dusan Lajovic,Roger Federer,2,2,2,1
Dusan Lajovic,Sam Querrey,1,1,1,1
Dusan Lajovic,Stan Wawrinka,1,1,1,1
Dusan Lajovic,Stefanos Tsitsipas,3,2,3,1
Dusan Lajovic,Tennys Sandgren,1,0,0,0
Dusan Lajovic,Vasek Pospisil,4,2,2,0.5
Egor Gerasimov,Federico Coria,1,0,0,0
Egor Gerasimov,Filip Krajinovic,1,1,1,1
Egor Gerasimov,Hubert Hurkacz,1,1,1,1
Egor Gerasimov,Jiri Vesely,1,0,1,1
Egor Gerasimov,John Isner,1,0,1,1
Egor Gerasimov,Lloyd Harris,1,0,0,0
Egor Gerasimov,Marton Fucsovics,2,2,1,0.5
Egor Gerasimov,Matteo Berrettini,1,0,1,1
Egor Gerasimov,Nikoloz Basilashvili,1,1,1,1
Egor Gerasimov,Pierre-Hugues Herbert,1,1,1,1
Egor Gerasimov,Roberto Carballes Baena,1,0,0,0
Egor Gerasimov,Sam Querrey,1,0,1,1
Egor Gerasimov,Stefano Travaglia,1,1,0,0
Egor Gerasimov,Stefanos Tsitsipas,1,1,1,1
Egor Gerasimov,Tommy Paul,1,1,1,1
Fabio Fognini,Federico Delbonis,7,2,2,0.2857142857142857
Fabio Fognini,Feliciano Lopez,4,3,2,0.5
Fabio Fognini,Filip Krajinovic,2,2,1,0.5
Fabio Fognini,Frances Tiafoe,2,0,1,0.5
Fabio Fognini,Gael Monfils,6,3,4,0.6666666666666666
Fabio Fognini,Gilles Simon,2,2,1,0.5
Fabio Fognini,Grigor Dimitrov,6,4,3,0.5
Fabio Fognini,Guido Pella,2,2,1,0.5
Fabio Fognini,Ilya Ivashka,1,0,0,0
Fabio Fognini,Jan-Lennard Struff,2,1,1,0.5
Fabio Fognini,Jeremy Chardy,5,1,2,0.4
Fabio Fognini,Jiri Vesely,5,2,2,0.4
Fabio Fognini,Jo-Wilfried Tsonga,6,4,4,0.6666666666666666
Fabio Fognini,John Isner,2,2,1,0.5
Fabio Fognini,John Millman,2,1,1,0.5
Fabio Fognini,Jordan Thompson,1,0,0,0
Fabio Fognini,Karen Khachanov,2,1,1,0.5
Fabio Fognini,Kei Nishikori,3,2,2,0.6666666666666666
Fabio Fognini,Kevin Anderson,4,3,2,0.5
Fabio Fognini,Kyle Edmund,2,0,1,0.5
Fabio Fognini,Lucas Pouille,3,1,1,0.3333333333333333
Fabio Fognini,Marin Cilic,3,3,2,0.6666666666666666
Fabio Fognini,Marton Fucsovics,3,1,1,0.3333333333333333
Fabio Fognini,Matteo Berrettini,1,0,0,0
Fabio Fognini,Mikhail Kukushkin,3,1,1,0.3333333333333333
Fabio Fognini,Milos Raonic,1,1,1,1
Fabio Fognini,Nick Kyrgios,1,1,1,1
Fabio Fognini,Norbert Gombos,1,0,0,0
Fabio Fognini,Novak Djokovic,5,5,5,1
Fabio Fognini,Pablo Andujar,4,1,1,0.25
Fabio Fognini,Radu Albot,3,1,1,0.3333333333333333
Fabio Fognini,Rafael Nadal,16,12,14,0.875
Fabio Fognini,Reilly Opelka,2,1,1,0.5
Fabio Fognini,Richard Gasquet,3,1,2,0.6666666666666666
Fabio Fognini,Roberto Bautista Agut,10,3,5,0.5
Fabio Fognini,Roger Federer,2,2,2,1
Fabio Fognini,Sam Querrey,2,0,1,0.5
Fabio Fognini,Stan Wawrinka,4,3,3,0.75
Fabio Fognini,Stefano Travaglia,1,1,0,0
Fabio Fognini,Stefanos Tsitsipas,2,2,1,0.5
Fabio Fognini,Steve Johnson,4,0,1,0.25
Fabio Fognini,Tennys Sandgren,3,1,1,0.3333333333333333
Fabio Fognini,Tommy Paul,1,0,0,0
Fabio Fognini,Vasek Pospisil,2,1,0,0
Fabio Fognini,Yannick Hanfmann,1,0,0,0
Fabio Fognini,Yoshihito Nishioka,1,0,0,0
Federico Coria,Mikhail Kukushkin,1,1,1,1
Federico Delbonis,Feliciano Lopez,3,3,2,0.6666666666666666
Federico Delbonis,Gael Monfils,2,2,2,1
Federico Delbonis,Gilles Simon,4,2,3,0.75
Federico Delbonis,Grigor Dimitrov,3,2,2,0.6666666666666666
Federico Delbonis,Guido Pella,1,0,1,1
Federico Delbonis,Ilya Ivashka,1,0,0,0
Federico Delbonis,James Duckworth,1,1,1,1
Federico Delbonis,Jan-Lennard Struff,1,0,1,1
Federico Delbonis,Jeremy Chardy,3,3,2,0.6666666666666666
Federico Delbonis,Jiri Vesely,1,0,1,1
Federico Delbonis,John Isner,1,0,1,1
Federico Delbonis,John Millman,3,1,2,0.6666666666666666
Federico Delbonis,Jordan Thompson,1,1,1,1
Federico Delbonis,Juan Ignacio Londero,1,1,1,1
Federico Delbonis,Karen Khachanov,1,0,1,1
Federico Delbonis,Kei Nishikori,2,2,2,1
Federico Delbonis,Kevin Anderson,3,3,3,1
Federico Delbonis,Kyle Edmund,1,1,1,1
Federico Delbonis,Lorenzo Sonego,2,2,1,0.5
Federico Delbonis,Lucas Pouille,1,1,1,1
Federico Delbonis,Marin Cilic,2,2,2,1
Federico Delbonis,Marton Fucsovics,1,0,1,1
Federico Delbonis,Mikhail Kukushkin,2,1,1,0.5
Federico Delbonis,Nick Kyrgios,1,1,1,1
Federico Delbonis,Novak Djokovic,1,1,1,1
Federico Delbonis,Pablo Andujar,3,3,2,0.6666666666666666
Federico Delbonis,Pierre-Hugues Herbert,1,1,1,1
Federico Delbonis,Radu Albot,1,1,1,1
Federico Delbonis,Rafael Nadal,3,3,3,1
Federico Delbonis,Richard Gasquet,1,1,1,1
Federico Delbonis,Roberto Bautista Agut,1,1,1,1
Federico Delbonis,Roberto Carballes Baena,2,0,1,0.5
Federico Delbonis,Roger Federer,2,1,2,1
Federico Delbonis,Salvatore Caruso,1,0,0,0
Federico Delbonis,Sam Querrey,1,1,1,1
Federico Delbonis,Stan Wawrinka,1,0,1,1
Federico Delbonis,Steve Johnson,2,2,1,0.5
Federico Delbonis,Ugo Humbert,1,1,1,1
Federico Delbonis,Vasek Pospisil,2,0,1,0.5
Feliciano Lopez,Filip Krajinovic,1,1,1,1
Feliciano Lopez,Frances Tiafoe,1,0,0,0
Feliciano Lopez,Gael Monfils,1,0,1,1
Feliciano Lopez,Gilles Simon,8,2,4,0.5
Feliciano Lopez,Grigor Dimitrov,5,4,3,0.6
Feliciano Lopez,Guido Pella,1,0,0,0
Feliciano Lopez,Hubert Hurkacz,1,1,1,1
Feliciano Lopez,Jan-Lennard Struff,4,2,2,0.5
Feliciano Lopez,Jeremy Chardy,5,1,2,0.4
Feliciano Lopez,Jiri Vesely,1,0,0,0
Feliciano Lopez,John Isner,8,5,5,0.625
Feliciano Lopez,John Millman,1,1,0,0
Feliciano Lopez,Jordan Thompson,2,2,1,0.5
Feliciano Lopez,Karen Khachanov,3,3,2,0.6666666666666666
Feliciano Lopez,Kei Nishikori,7,4,5,0.7142857142857143
Feliciano Lopez,Kevin Anderson,4,4,3,0.75
Feliciano Lopez,Laslo Djere,1,0,0,0
Feliciano Lopez,Lloyd Harris,1,0,0,0
Feliciano Lopez,Lucas Pouille,5,4,3,0.6
Feliciano Lopez,Marcos Giron,1,0,0,0
Feliciano Lopez,Marin Cilic,5,4,3,0.6
Feliciano Lopez,Marton Fucsovics,1,0,0,0
Feliciano Lopez,Matteo Berrettini,1,1,1,1
Feliciano Lopez,Mikhail Kukushkin,4,1,2,0.5
Feliciano Lopez,Milos Raonic,8,3,5,0.625
Feliciano Lopez,Miomir Kecmanovic,1,1,0,0
Feliciano Lopez,Nick Kyrgios,5,3,3,0.6
Feliciano Lopez,Nikoloz Basilashvili,2,1,1,0.5
Feliciano Lopez,Norbert Gombos,1,0,0,0
Feliciano Lopez,Novak Djokovic,7,7,7,1
Feliciano Lopez,Pablo Andujar,5,1,2,0.4
Feliciano Lopez,Pierre-Hugues Herbert,3,1,1,0.3333333333333333
Feliciano Lopez,Rafael Nadal,5,3,5,1
Feliciano Lopez,Reilly Opelka,1,0,0,0
Feliciano Lopez,Richard Gasquet,2,1,1,0.5
Feliciano Lopez,Roberto Bautista Agut,5,3,3,0.6
Feliciano Lopez,Roger Federer,6,6,5,0.8333333333333334
Feliciano Lopez,Sam Querrey,9,5,5,0.5555555555555556
Feliciano Lopez,Stan Wawrinka,5,4,4,0.8
Feliciano Lopez,Stefano Travaglia,1,1,0,0
Feliciano Lopez,Steve Johnson,2,2,1,0.5
Feliciano Lopez,Vasek Pospisil,2,0,1,0.5
Feliciano Lopez,Yannick Hanfmann,1,1,0,0
Feliciano Lopez,Yoshihito Nishioka,3,2,1,0.3333333333333333
Filip Krajinovic,Frances Tiafoe,2,0,1,0.5
Filip Krajinovic,Gael Monfils,1,1,1,1
Filip Krajinovic,Gilles Simon,2,1,1,0.5
Filip Krajinovic,Grigor Dimitrov,4,4,2,0.5
Filip Krajinovic,Guido Pella,1,0,0,0
Filip Krajinovic,Hubert Hurkacz,1,1,0,0
Filip Krajinovic,Jan-Lennard Struff,1,0,0,0
Filip Krajinovic,John Isner,1,0,1,1
Filip Krajinovic,Jordan Thompson,1,0,0,0
Filip Krajinovic,Juan Ignacio Londero,1,0,0,0
Filip Krajinovic,Karen Khachanov,2,2,1,0.5
Filip Krajinovic,Kyle Edmund,2,1,1,0.5
Filip Krajinovic,Laslo Djere,3,0,1,0.3333333333333333
Filip Krajinovic,Lucas Pouille,3,3,1,0.3333333333333333
Filip Krajinovic,Matteo Berrettini,1,1,1,1
Filip Krajinovic,Mikhail Kukushkin,1,0,0,0
Filip Krajinovic,Nick Kyrgios,1,1,1,1
Filip Krajinovic,Nikoloz Basilashvili,1,1,0,0
Filip Krajinovic,Pierre-Hugues Herbert,2,0,1,0.5
Filip Krajinovic,Radu Albot,2,1,1,0.5
Filip Krajinovic,Rafael Nadal,1,1,1,1
Filip Krajinovic,Roberto Bautista Agut,1,1,1,1
Filip Krajinovic,Roberto Carballes Baena,1,0,0,0
Filip Krajinovic,Roger Federer,4,4,4,1
Filip Krajinovic,Sam Querrey,1,0,0,0
Filip Krajinovic,Stan Wawrinka,1,0,1,1
Filip Krajinovic,Stefanos Tsitsipas,2,2,1,0.5
Filip Krajinovic,Steve Johnson,1,1,0,0
Filip Krajinovic,Yoshihito Nishioka,1,0,0,0
Frances Tiafoe,Gael Monfils,1,0,1,1
Frances Tiafoe,Grigor Dimitrov,2,1,1,0.5
Frances Tiafoe,Hubert Hurkacz,2,1,1,0.5
Frances Tiafoe,James Duckworth,2,1,1,0.5
Frances Tiafoe,Jan-Lennard Struff,1,0,1,1
Frances Tiafoe,Jannik Sinner,1,1,0,0
Frances Tiafoe,Jeremy Chardy,1,1,1,1
Frances Tiafoe,John Isner,2,2,2,1
Frances Tiafoe,John Millman,3,2,2,0.6666666666666666
Frances Tiafoe,Jordan Thompson,2,1,1,0.5
Frances Tiafoe,Karen Khachanov,1,1,1,1
Frances Tiafoe,Kei Nishikori,1,1,1,1
Frances Tiafoe,Kevin Anderson,4,3,3,0.75
Frances Tiafoe,Kyle Edmund,1,0,1,1
Frances Tiafoe,Marton Fucsovics,2,2,1,0.5
Frances Tiafoe,Matteo Berrettini,1,1,1,1
Frances Tiafoe,Mikhail Kukushkin,2,0,1,0.5
Frances Tiafoe,Milos Raonic,1,0,1,1
Frances Tiafoe,Miomir Kecmanovic,1,0,0,0
Frances Tiafoe,Nikoloz Basilashvili,1,0,0,0
Frances Tiafoe,Radu Albot,2,0,1,0.5
Frances Tiafoe,Rafael Nadal,2,2,2,1
Frances Tiafoe,Richard Gasquet,1,1,1,1
Frances Tiafoe,Roberto Bautista Agut,1,1,1,1
Frances Tiafoe,Roger Federer,3,3,3,1
Frances Tiafoe,Salvatore Caruso,1,0,0,0
Frances Tiafoe,Sam Querrey,2,2,1,0.5
Frances Tiafoe,Sebastian Korda,1,0,0,0
Frances Tiafoe,Stan Wawrinka,1,1,1,1
Frances Tiafoe,Stefanos Tsitsipas,1,1,1,1
Frances Tiafoe,Steve Johnson,1,1,1,1
Frances Tiafoe,Tennys Sandgren,1,0,0,0
Frances Tiafoe,Yoshihito Nishioka,1,0,1,1
Gael Monfils,Gilles Simon,8,6,3,0.375
Gael Monfils,Grigor Dimitrov,4,0,2,0.5
Gael Monfils,Guido Pella,1,0,0,0
Gael Monfils,Hubert Hurkacz,2,1,1,0.5
Gael Monfils,Ilya Ivashka,1,0,0,0
Gael Monfils,Jan-Lennard Struff,2,0,0,0
Gael Monfils,Jannik Sinner,2,1,0,0
Gael Monfils,Jeremy Chardy,2,1,0,0
Gael Monfils,Jiri Vesely,3,1,1,0.3333333333333333
Gael Monfils,Jo-Wilfried Tsonga,5,2,3,0.6
Gael Monfils,John Isner,7,2,3,0.42857142857142855
Gael Monfils,Kei Nishikori,3,2,2,0.6666666666666666
Gael Monfils,Kevin Anderson,6,1,3,0.5
Gael Monfils,Kyle Edmund,2,1,1,0.5
Gael Monfils,Lloyd Harris,1,1,0,0
Gael Monfils,Lorenzo Sonego,1,0,0,0
Gael Monfils,Lucas Pouille,2,0,1,0.5
Gael Monfils,Marin Cilic,2,0,1,0.5
Gael Monfils,Marton Fucsovics,1,0,0,0
Gael Monfils,Matteo Berrettini,1,1,0,0
Gael Monfils,Mikhail Kukushkin,3,1,1,0.3333333333333333
Gael Monfils,Milos Raonic,5,2,2,0.4
Gael Monfils,Nick Kyrgios,1,1,0,0
Gael Monfils,Nikoloz Basilashvili,1,0,0,0
Gael Monfils,Novak Djokovic,9,9,8,0.8888888888888888
Gael Monfils,Pablo Andujar,3,0,0,0
Gael Monfils,Pierre-Hugues Herbert,1,1,0,0
Gael Monfils,Radu Albot,1,0,0,0
Gael Monfils,Rafael Nadal,8,7,7,0.875
Gael Monfils,Reilly Opelka,1,0,0,0
Gael Monfils,Richard Gasquet,10,4,4,0.4
Gael Monfils,Roberto Bautista Agut,5,1,2,0.4
Gael Monfils,Roger Federer,7,5,5,0.7142857142857143
Gael Monfils,Sam Querrey,2,0,1,0.5
Gael Monfils,Stan Wawrinka,3,2,2,0.6666666666666666
Gael Monfils,Stefanos Tsitsipas,3,2,2,0.6666666666666666
Gael Monfils,Steve Johnson,3,0,1,0.3333333333333333
Gael Monfils,Vasek Pospisil,3,0,0,0
Gianluca Mager,Pablo Andujar,1,0,0,0
Gilles Simon,Grigor Dimitrov,6,4,4,0.6666666666666666
Gilles Simon,Guido Pella,1,0,0,0
Gilles Simon,Ilya Ivashka,2,0,0,0
Gilles Simon,James Duckworth,2,1,1,0.5
Gilles Simon,Jan-Lennard Struff,3,2,1,0.3333333333333333
Gilles Simon,Jeremy Chardy,7,3,3,0.42857142857142855
Gilles Simon,Jiri Vesely,2,0,1,0.5
Gilles Simon,Jo-Wilfried Tsonga,8,5,5,0.625
Gilles Simon,John Isner,2,2,1,0.5
Gilles Simon,John Millman,1,0,0,0
Gilles Simon,Karen Khachanov,3,2,2,0.6666666666666666
Gilles Simon,Kei Nishikori,1,1,1,1
Gilles Simon,Kevin Anderson,6,4,4,0.6666666666666666
Gilles Simon,Kyle Edmund,3,1,1,0.3333333333333333
Gilles Simon,Lloyd Harris,1,0,0,0
Gilles Simon,Lucas Pouille,4,1,2,0.5
Gilles Simon,Marin Cilic,4,1,3,0.75
Gilles Simon,Matteo Berrettini,2,1,1,0.5
Gilles Simon,Mikhail Kukushkin,2,0,1,0.5
Gilles Simon,Milos Raonic,6,5,4,0.6666666666666666
Gilles Simon,Nick Kyrgios,2,2,1,0.5
Gilles Simon,Nikoloz Basilashvili,4,1,2,0.5
Gilles Simon,Novak Djokovic,5,5,5,1
Gilles Simon,Pablo Andujar,3,2,1,0.3333333333333333
Gilles Simon,Pierre-Hugues Herbert,1,1,0,0
Gilles Simon,Radu Albot,3,1,1,0.3333333333333333
Gilles Simon,Rafael Nadal,3,3,3,1
Gilles Simon,Reilly Opelka,1,1,0,0
Gilles Simon,Richard Gasquet,5,4,3,0.6
Gilles Simon,Roberto Bautista Agut,5,1,3,0.6
Gilles Simon,Roberto Carballes Baena,1,0,0,0
Gilles Simon,Roger Federer,6,6,5,0.8333333333333334
Gilles Simon,Salvatore Caruso,2,1,0,0
Gilles Simon,Sam Querrey,6,2,3,0.5
Gilles Simon,Stan Wawrinka,7,4,5,0.7142857142857143
Gilles Simon,Steve Johnson,1,0,0,0
Gilles Simon,Tennys Sandgren,3,1,1,0.3333333333333333
Gilles Simon,Vasek Pospisil,2,0,1,0.5
Grigor Dimitrov,Guido Pella,3,2,1,0.3333333333333333
Grigor Dimitrov,Jan-Lennard Struff,4,2,1,0.25
Grigor Dimitrov,Jeremy Chardy,5,2,2,0.4
Grigor Dimitrov,Jiri Vesely,2,0,0,0
Grigor Dimitrov,Jo-Wilfried Tsonga,4,4,3,0.75
Grigor Dimitrov,John Isner,3,2,2,0.6666666666666666
Grigor Dimitrov,John Millman,2,0,1,0.5
Grigor Dimitrov,Jordan Thompson,1,1,0,0
Grigor Dimitrov,Juan Ignacio Londero,1,0,0,0
Grigor Dimitrov,Kei Nishikori,6,5,4,0.6666666666666666
Grigor Dimitrov,Kevin Anderson,8,2,4,0.5
Grigor Dimitrov,Kyle Edmund,3,1,1,0.3333333333333333
Grigor Dimitrov,Lucas Pouille,2,0,1,0.5
Grigor Dimitrov,Marin Cilic,5,3,3,0.6
Grigor Dimitrov,Matteo Berrettini,2,1,1,0.5
Grigor Dimitrov,Mikhail Kukushkin,4,3,1,0.25
Grigor Dimitrov,Milos Raonic,5,2,3,0.6
Grigor Dimitrov,Nick Kyrgios,4,1,2,0.5
Grigor Dimitrov,Nikoloz Basilashvili,1,0,0,0
Grigor Dimitrov,Novak Djokovic,10,9,9,0.9
Grigor Dimitrov,Pablo Andujar,2,0,0,0
Grigor Dimitrov,Pierre-Hugues Herbert,1,0,0,0
Grigor Dimitrov,Rafael Nadal,12,11,10,0.8333333333333334
Grigor Dimitrov,Richard Gasquet,8,5,4,0.5
Grigor Dimitrov,Roberto Bautista Agut,4,1,2,0.5
Grigor Dimitrov,Roger Federer,8,7,7,0.875
Grigor Dimitrov,Sam Querrey,4,1,2,0.5
Grigor Dimitrov,Stan Wawrinka,11,7,7,0.6363636363636364
Grigor Dimitrov,Steve Johnson,7,2,2,0.2857142857142857
Grigor Dimitrov,Tennys Sandgren,1,0,0,0
Grigor Dimitrov,Tommy Paul,1,1,0,0
Grigor Dimitrov,Ugo Humbert,1,0,0,0
Grigor Dimitrov,Vasek Pospisil,5,1,1,0.2
Grigor Dimitrov,Yoshihito Nishioka,1,0,0,0
Guido Pella,Ilya Ivashka,1,0,0,0
Guido Pella,Jo-Wilfried Tsonga,1,1,1,1
Guido Pella,John Isner,2,1,1,0.5
Guido Pella,John Millman,2,1,1,0.5
Guido Pella,Juan Ignacio Londero,1,1,0,0
Guido Pella,Karen Khachanov,1,0,1,1
Guido Pella,Kevin Anderson,1,0,1,1
Guido Pella,Kyle Edmund,1,0,1,1
Guido Pella,Laslo Djere,2,0,0,0
Guido Pella,Marin Cilic,3,1,2,0.6666666666666666
Guido Pella,Marton Fucsovics,1,1,1,1
Guido Pella,Milos Raonic,1,0,1,1
Guido Pella,Nick Kyrgios,1,1,1,1
Guido Pella,Nikoloz Basilashvili,2,2,1,0.5
Guido Pella,Novak Djokovic,1,1,1,1
Guido Pella,Pierre-Hugues Herbert,1,1,0,0
Guido Pella,Radu Albot,1,0,0,0
Guido Pella,Rafael Nadal,4,4,4,1
Guido Pella,Roberto Bautista Agut,3,3,2,0.6666666666666666
Guido Pella,Roberto Carballes Baena,2,1,1,0.5
Guido Pella,Roger Federer,2,2,2,1
Guido Pella,Sam Querrey,4,2,2,0.5
Guido Pella,Stan Wawrinka,1,1,1,1
Guido Pella,Stefano Travaglia,1,0,0,0
Guido Pella,Steve Johnson,2,2,1,0.5
Guido Pella,Tennys Sandgren,2,1,1,0.5
Guido Pella,Ugo Humbert,1,1,0,0
Hubert Hurkacz,Ilya Ivashka,2,1,0,0
Hubert Hurkacz,Jeremy Chardy,1,1,0,0
Hubert Hurkacz,John Isner,1,1,1,1
Hubert Hurkacz,John Millman,1,1,0,0
Hubert Hurkacz,Karen Khachanov,1,1,1,1
Hubert Hurkacz,Kei Nishikori,2,0,2,1
Hubert Hurkacz,Lorenzo Sonego,2,1,1,0.5
Hubert Hurkacz,Lucas Pouille,3,1,1,0.3333333333333333
Hubert Hurkacz,Marin Cilic,3,3,2,0.6666666666666666
Hubert Hurkacz,Marton Fucsovics,1,1,0,0
Hubert Hurkacz,Matteo Berrettini,2,1,1,0.5
Hubert Hurkacz,Miomir Kecmanovic,1,1,0,0
Hubert Hurkacz,Novak Djokovic,2,2,2,1
Hubert Hurkacz,Pierre-Hugues Herbert,1,1,0,0
Hubert Hurkacz,Reilly Opelka,1,0,0,0
Hubert Hurkacz,Roberto Bautista Agut,1,1,1,1
Hubert Hurkacz,Roberto Carballes Baena,1,0,0,0
Hubert Hurkacz,Roger Federer,1,1,1,1
Hubert Hurkacz,Stefanos Tsitsipas,4,3,3,0.75
Hubert Hurkacz,Steve Johnson,1,0,0,0
Hubert Hurkacz,Tennys Sandgren,1,0,0,0
Hubert Hurkacz,Yannick Hanfmann,1,0,0,0
Ilya Ivashka,Kevin Anderson,2,2,2,1
Ilya Ivashka,Kyle Edmund,1,1,1,1
Ilya Ivashka,Laslo Djere,1,0,0,0
Ilya Ivashka,Lloyd Harris,1,0,1,1
Ilya Ivashka,Lucas Pouille,1,1,1,1
Ilya Ivashka,Pablo Andujar,1,1,1,1
Ilya Ivashka,Pierre-Hugues Herbert,1,1,1,1
Ilya Ivashka,Roberto Carballes Baena,1,0,0,0
Ilya Ivashka,Salvatore Caruso,1,0,1,1
Ilya Ivashka,Stefano Travaglia,1,0,1,1
Ilya Ivashka,Ugo Humbert,1,1,1,1
Ilya Ivashka,Yoshihito Nishioka,1,0,1,1
James Duckworth,Jeremy Chardy,1,1,1,1
James Duckworth,Jo-Wilfried Tsonga,1,1,1,1
James Duckworth,John Isner,1,1,1,1
James Duckworth,John Millman,1,1,1,1
James Duckworth,Jordan Thompson,1,1,0,0
James Duckworth,Juan Ignacio Londero,2,0,1,0.5
James Duckworth,Kei Nishikori,1,1,1,1
James Duckworth,Kevin Anderson,1,1,1,1
James Duckworth,Marin Cilic,1,1,1,1
James Duckworth,Marton Fucsovics,1,1,1,1
James Duckworth,Nick Kyrgios,1,0,1,1
James Duckworth,Rafael Nadal,1,1,1,1
James Duckworth,Richard Gasquet,2,2,2,1
James Duckworth,Roberto Bautista Agut,1,0,1,1
James Duckworth,Roger Federer,2,2,2,1
James Duckworth,Stefanos Tsitsipas,1,1,1,1
James Duckworth,Steve Johnson,2,2,1,0.5
James Duckworth,Vasek Pospisil,1,1,1,1
Jan-Lennard Struff,Jeremy Chardy,5,2,2,0.4
Jan-Lennard Struff,Jiri Vesely,2,1,1,0.5
Jan-Lennard Struff,Jo-Wilfried Tsonga,6,4,4,0.6666666666666666
Jan-Lennard Struff,John Isner,4,4,3,0.75
Jan-Lennard Struff,John Millman,3,1,1,0.3333333333333333
Jan-Lennard Struff,Jordan Thompson,1,1,0,0
Jan-Lennard Struff,Karen Khachanov,2,1,1,0.5
Jan-Lennard Struff,Kei Nishikori,1,1,1,1
Jan-Lennard Struff,Kevin Anderson,2,1,1,0.5
Jan-Lennard Struff,Kyle Edmund,1,1,1,1
Jan-Lennard Struff,Laslo Djere,1,0,0,0
Jan-Lennard Struff,Lucas Pouille,4,3,2,0.5
Jan-Lennard Struff,Marin Cilic,4,2,3,0.75
Jan-Lennard Struff,Marton Fucsovics,1,1,0,0
Jan-Lennard Struff,Matteo Berrettini,2,2,1,0.5
Jan-Lennard Struff,Mikhail Kukushkin,4,1,2,0.5
Jan-Lennard Struff,Milos Raonic,3,2,2,0.6666666666666666
Jan-Lennard Struff,Miomir Kecmanovic,2,0,1,0.5
Jan-Lennard Struff,Nick Kyrgios,1,0,1,1
Jan-Lennard Struff,Nikoloz Basilashvili,1,1,0,0
Jan-Lennard Struff,Norbert Gombos,1,0,0,0
Jan-Lennard Struff,Novak Djokovic,3,3,3,1
Jan-Lennard Struff,Pierre-Hugues Herbert,4,2,2,0.5
Jan-Lennard Struff,Radu Albot,3,0,1,0.3333333333333333
Jan-Lennard Struff,Rafael Nadal,1,1,1,1
Jan-Lennard Struff,Reilly Opelka,1,1,1,1
Jan-Lennard Struff,Richard Gasquet,2,2,1,0.5
Jan-Lennard Struff,Roberto Bautista Agut,3,3,2,0.6666666666666666
Jan-Lennard Struff,Roberto Carballes Baena,1,1,0,0
Jan-Lennard Struff,Roger Federer,4,4,4,1
Jan-Lennard Struff,Salvatore Caruso,1,0,0,0
Jan-Lennard Struff,Sam Querrey,1,1,1,1
Jan-Lennard Struff,Stan Wawrinka,1,0,1,1
Jan-Lennard Struff,Stefano Travaglia,1,0,0,0
Jan-Lennard Struff,Stefanos Tsitsipas,3,1,2,0.6666666666666666
Jan-Lennard Struff,Steve Johnson,1,1,1,1
Jan-Lennard Struff,Vasek Pospisil,2,1,1,0.5
Jan-Lennard Struff,Yoshihito Nishioka,1,0,0,0
Jannik Sinner,Laslo Djere,1,1,0,0
Jannik Sinner,Marton Fucsovics,1,1,1,1
Jannik Sinner,Mikhail Kukushkin,1,1,1,1
Jannik Sinner,Stan Wawrinka,2,2,2,1
Jannik Sinner,Stefanos Tsitsipas,1,1,1,1
Jannik Sinner,Steve Johnson,1,0,1,1
Jeremy Chardy,Jiri Vesely,2,2,1,0.5
Jeremy Chardy,Jo-Wilfried Tsonga,4,3,3,0.75
Jeremy Chardy,John Isner,3,0,2,0.6666666666666666
Jeremy Chardy,Jordan Thompson,1,0,0,0
Jeremy Chardy,Karen Khachanov,1,1,1,1
Jeremy Chardy,Kei Nishikori,9,7,7,0.7777777777777778
Jeremy Chardy,Kevin Anderson,4,3,3,0.75
Jeremy Chardy,Kyle Edmund,3,2,2,0.6666666666666666
Jeremy Chardy,Lucas Pouille,2,0,1,0.5
Jeremy Chardy,Marcos Giron,1,1,0,0
Jeremy Chardy,Marin Cilic,5,4,4,0.8
Jeremy Chardy,Marton Fucsovics,1,1,1,1
Jeremy Chardy,Matteo Berrettini,1,1,1,1
Jeremy Chardy,Mikhail Kukushkin,3,1,1,0.3333333333333333
Jeremy Chardy,Milos Raonic,7,7,5,0.7142857142857143
Jeremy Chardy,Miomir Kecmanovic,1,0,0,0
Jeremy Chardy,Nick Kyrgios,1,0,1,1
Jeremy Chardy,Nikoloz Basilashvili,2,1,1,0.5
Jeremy Chardy,Novak Djokovic,8,8,8,1
Jeremy Chardy,Pablo Andujar,2,2,1,0.5
Jeremy Chardy,Pierre-Hugues Herbert,2,2,1,0.5
Jeremy Chardy,Radu Albot,3,0,1,0.3333333333333333
Jeremy Chardy,Rafael Nadal,3,3,3,1
Jeremy Chardy,Reilly Opelka,1,1,1,1
Jeremy Chardy,Richard Gasquet,7,4,5,0.7142857142857143
Jeremy Chardy,Roberto Bautista Agut,4,2,3,0.75
Jeremy Chardy,Roger Federer,5,4,5,1
Jeremy Chardy,Sam Querrey,3,1,2,0.6666666666666666
Jeremy Chardy,Stan Wawrinka,6,6,5,0.8333333333333334
Jeremy Chardy,Stefano Travaglia,1,0,0,0
Jeremy Chardy,Stefanos Tsitsipas,3,2,2,0.6666666666666666
Jeremy Chardy,Steve Johnson,2,2,1,0.5
Jeremy Chardy,Tennys Sandgren,1,1,0,0
Jeremy Chardy,Ugo Humbert,1,0,0,0
Jiri Vesely,John Isner,1,1,1,1
Jiri Vesely,Jordan Thompson,2,0,1,0.5
Jiri Vesely,Juan Ignacio Londero,1,0,0,0
Jiri Vesely,Kei Nishikori,1,1,1,1
Jiri Vesely,Kevin Anderson,6,3,4,0.6666666666666666
Jiri Vesely,Kyle Edmund,2,2,1,0.5
Jiri Vesely,Lucas Pouille,2,1,1,0.5
Jiri Vesely,Marin Cilic,1,1,1,1
Jiri Vesely,Marton Fucsovics,1,1,1,1
Jiri Vesely,Matteo Berrettini,1,1,1,1
Jiri Vesely,Mikhail Kukushkin,1,1,1,1
Jiri Vesely,Milos Raonic,2,2,2,1
Jiri Vesely,Nick Kyrgios,1,1,1,1
Jiri Vesely,Nikoloz Basilashvili,1,0,0,0
Jiri Vesely,Norbert Gombos,1,0,0,0
Jiri Vesely,Novak Djokovic,1,0,1,1
Jiri Vesely,Pablo Andujar,2,0,1,0.5
Jiri Vesely,Radu Albot,2,0,1,0.5
Jiri Vesely,Rafael Nadal,2,2,2,1
Jiri Vesely,Richard Gasquet,2,2,2,1
Jiri Vesely,Roberto Bautista Agut,4,4,3,0.75
Jiri Vesely,Roberto Carballes Baena,1,0,0,0
Jiri Vesely,Sam Querrey,1,0,1,1
Jiri Vesely,Stan Wawrinka,2,2,2,1
Jiri Vesely,Stefano Travaglia,1,0,0,0
Jiri Vesely,Tommy Paul,1,0,0,0
Jiri Vesely,Vasek Pospisil,1,1,0,0
Jiri Vesely,Yannick Hanfmann,1,0,0,0
Jo-Wilfried Tsonga,John Isner,3,1,1,0.3333333333333333
Jo-Wilfried Tsonga,Karen Khachanov,3,0,1,0.3333333333333333
Jo-Wilfried Tsonga,Kei Nishikori,9,6,5,0.5555555555555556
Jo-Wilfried Tsonga,Kevin Anderson,3,0,1,0.3333333333333333
Jo-Wilfried Tsonga,Kyle Edmund,2,1,1,0.5
Jo-Wilfried Tsonga,Lorenzo Sonego,2,0,0,0
Jo-Wilfried Tsonga,Lucas Pouille,4,1,1,0.25
Jo-Wilfried Tsonga,Marin Cilic,6,4,3,0.5
Jo-Wilfried Tsonga,Matteo Berrettini,1,0,0,0
Jo-Wilfried Tsonga,Milos Raonic,6,5,3,0.5
Jo-Wilfried Tsonga,Miomir Kecmanovic,1,1,0,0
Jo-Wilfried Tsonga,Nick Kyrgios,2,1,1,0.5
Jo-Wilfried Tsonga,Nikoloz Basilashvili,2,1,0,0
Jo-Wilfried Tsonga,Novak Djokovic,12,11,10,0.8333333333333334
Jo-Wilfried Tsonga,Pablo Andujar,3,0,0,0
Jo-Wilfried Tsonga,Pierre-Hugues Herbert,4,0,1,0.25
Jo-Wilfried Tsonga,Radu Albot,1,0,0,0
Jo-Wilfried Tsonga,Rafael Nadal,6,4,5,0.8333333333333334
Jo-Wilfried Tsonga,Reilly Opelka,1,0,0,0
Jo-Wilfried Tsonga,Richard Gasquet,1,0,0,0
Jo-Wilfried Tsonga,Roberto Bautista Agut,5,3,2,0.4
Jo-Wilfried Tsonga,Roger Federer,13,8,10,0.7692307692307693
Jo-Wilfried Tsonga,Sam Querrey,7,4,2,0.2857142857142857
Jo-Wilfried Tsonga,Stan Wawrinka,6,4,3,0.5
Jo-Wilfried Tsonga,Stefanos Tsitsipas,1,0,0,0
Jo-Wilfried Tsonga,Steve Johnson,2,2,1,0.5
Jo-Wilfried Tsonga,Tennys Sandgren,1,1,0,0
Jo-Wilfried Tsonga,Ugo Humbert,1,0,0,0
John Isner,John Millman,3,0,1,0.3333333333333333
John Isner,Jordan Thompson,3,0,0,0
John Isner,Karen Khachanov,4,4,2,0.5
John Isner,Kei Nishikori,3,2,2,0.6666666666666666
John Isner,Kevin Anderson,8,3,4,0.5
John Isner,Kyle Edmund,4,1,1,0.25
John Isner,Lorenzo Sonego,1,0,0,0
John Isner,Lucas Pouille,1,0,0,0
John Isner,Marcos Giron,1,0,0,0
John Isner,Marin Cilic,10,7,6,0.6
John Isner,Mikhail Kukushkin,5,1,1,0.2
John Isner,Milos Raonic,6,1,3,0.5
John Isner,Nick Kyrgios,4,2,2,0.5
John Isner,Novak Djokovic,8,6,7,0.875
John Isner,Pablo Andujar,3,1,1,0.3333333333333333
John Isner,Pierre-Hugues Herbert,4,0,1,0.25
John Isner,Radu Albot,4,1,1,0.25
John Isner,Rafael Nadal,5,5,4,0.8
John Isner,Reilly Opelka,4,3,1,0.25
John Isner,Richard Gasquet,3,2,1,0.3333333333333333
John Isner,Roberto Bautista Agut,4,1,2,0.5
John Isner,Roger Federer,4,3,3,0.75
John Isner,Sam Querrey,5,3,2,0.4
John Isner,Stan Wawrinka,2,0,1,0.5
John Isner,Stefanos Tsitsipas,3,1,2,0.6666666666666666
John Isner,Steve Johnson,9,5,3,0.3333333333333333
John Isner,Tennys Sandgren,2,0,0,0
John Isner,Tommy Paul,1,0,0,0
John Isner,Ugo Humbert,2,1,0,0
John Isner,Vasek Pospisil,6,2,1,0.16666666666666666
John Isner,Yoshihito Nishioka,1,0,0,0
John Millman,Karen Khachanov,1,0,1,1
John Millman,Kei Nishikori,1,1,1,1
John Millman,Laslo Djere,1,0,0,0
John Millman,Lloyd Harris,1,0,0,0
John Millman,Lucas Pouille,2,0,1,0.5
John Millman,Marin Cilic,2,2,2,1
John Millman,Marton Fucsovics,1,0,0.5,0.5
John Millman,Mikhail Kukushkin,1,0,0,0
John Millman,Milos Raonic,1,1,1,1
John Millman,Miomir Kecmanovic,1,0,0,0
John Millman,Nick Kyrgios,2,1,1,0.5
John Millman,Nikoloz Basilashvili,1,0,0,0
John Millman,Novak Djokovic,3,3,3,1
John Millman,Pablo Andujar,1,0,0,0
John Millman,Radu Albot,2,1,1,0.5
John Millman,Rafael Nadal,2,2,2,1
John Millman,Reilly Opelka,1,0,1,1
John Millman,Richard Gasquet,1,0,1,1
John Millman,Roberto Bautista Agut,5,5,4,0.8
John Millman,Roger Federer,3,2,3,1
John Millman,Sam Querrey,1,1,1,1
John Millman,Stefano Travaglia,1,0,0,0
John Millman,Stefanos Tsitsipas,1,1,1,1
John Millman,Steve Johnson,5,4,3,0.6
John Millman,Tennys Sandgren,1,0,0,0
John Millman,Ugo Humbert,1,0,0,0
John Millman,Vasek Pospisil,1,1,0,0
John Millman,Yoshihito Nishioka,2,1,1,0.5
Jordan Thompson,Juan Ignacio Londero,1,0,1,1
Jordan Thompson,Karen Khachanov,2,1,2,1
Jordan Thompson,Kei Nishikori,1,1,1,1
Jordan Thompson,Kevin Anderson,2,2,2,1
Jordan Thompson,Laslo Djere,1,0,0,0
Jordan Thompson,Matteo Berrettini,1,1,1,1
Jordan Thompson,Miomir Kecmanovic,2,2,1,0.5
Jordan Thompson,Nick Kyrgios,1,1,1,1
Jordan Thompson,Nikoloz Basilashvili,2,1,1,0.5
Jordan Thompson,Richard Gasquet,1,0,1,1
Jordan Thompson,Roberto Bautista Agut,1,1,1,1
Jordan Thompson,Sam Querrey,2,2,2,1
Jordan Thompson,Stefanos Tsitsipas,1,1,1,1
Jordan Thompson,Tommy Paul,1,0,1,1
Jordan Thompson,Vasek Pospisil,1,0,1,1
Jordan Thompson,Yoshihito Nishioka,3,3,2,0.6666666666666666
Juan Ignacio Londero,Lorenzo Sonego,1,0,0,0
Juan Ignacio Londero,Matteo Berrettini,1,0,1,1
Juan Ignacio Londero,Nikoloz Basilashvili,2,1,1,0.5
Juan Ignacio Londero,Novak Djokovic,1,1,1,1
Juan Ignacio Londero,Radu Albot,1,1,0,0
Juan Ignacio Londero,Rafael Nadal,1,1,1,1
Juan Ignacio Londero,Reilly Opelka,1,1,1,1
Juan Ignacio Londero,Richard Gasquet,3,1,2,0.6666666666666666
Juan Ignacio Londero,Roger Federer,1,1,1,1
Juan Ignacio Londero,Sam Querrey,1,0,1,1
Karen Khachanov,Kei Nishikori,3,2,2,0.6666666666666666
Karen Khachanov,Kevin Anderson,1,1,1,1
Karen Khachanov,Lorenzo Sonego,3,1,1,0.3333333333333333
Karen Khachanov,Lucas Pouille,4,2,2,0.5
Karen Khachanov,Marin Cilic,1,1,1,1
Karen Khachanov,Matteo Berrettini,3,3,2,0.6666666666666666
Karen Khachanov,Mikhail Kukushkin,1,1,0,0
Karen Khachanov,Miomir Kecmanovic,1,0,0,0
Karen Khachanov,Nick Kyrgios,1,0,1,1
Karen Khachanov,Nikoloz Basilashvili,3,1,1,0.3333333333333333
Karen Khachanov,Novak Djokovic,2,1,2,1
Karen Khachanov,Rafael Nadal,6,6,5,0.8333333333333334
Karen Khachanov,Roberto Bautista Agut,6,4,4,0.6666666666666666
Karen Khachanov,Roberto Carballes Baena,1,1,0,0
Karen Khachanov,Roger Federer,1,1,1,1
Karen Khachanov,Sam Querrey,2,0,1,0.5
Karen Khachanov,Stan Wawrinka,3,2,2,0.6666666666666666
Karen Khachanov,Stefanos Tsitsipas,2,2,1,0.5
Karen Khachanov,Steve Johnson,1,0,0,0
Karen Khachanov,Vasek Pospisil,1,1,0,0
Karen Khachanov,Yoshihito Nishioka,1,0,0,0
Kei Nishikori,Kevin Anderson,8,3,3,0.375
Kei Nishikori,Laslo Djere,1,0,0,0
Kei Nishikori,Lucas Pouille,1,0,0,0
Kei Nishikori,Marin Cilic,11,3,4,0.36363636363636365
Kei Nishikori,Marton Fucsovics,1,0,0,0
Kei Nishikori,Mikhail Kukushkin,10,0,2,0.2
Kei Nishikori,Milos Raonic,6,2,2,0.3333333333333333
Kei Nishikori,Nick Kyrgios,4,0,1,0.25
Kei Nishikori,Nikoloz Basilashvili,1,0,0,0
Kei Nishikori,Novak Djokovic,13,11,10,0.7692307692307693
Kei Nishikori,Pablo Andujar,4,1,1,0.25
Kei Nishikori,Pierre-Hugues Herbert,3,1,1,0.3333333333333333
Kei Nishikori,Radu Albot,1,0,0,0
Kei Nishikori,Rafael Nadal,9,8,7,0.7777777777777778
Kei Nishikori,Richard Gasquet,8,5,3,0.375
Kei Nishikori,Roberto Bautista Agut,5,1,2,0.4
Kei Nishikori,Roberto Carballes Baena,1,0,0,0
Kei Nishikori,Roger Federer,8,6,6,0.75
Kei Nishikori,Sam Querrey,9,4,3,0.3333333333333333
Kei Nishikori,Stan Wawrinka,10,7,5,0.5
Kei Nishikori,Stefanos Tsitsipas,1,0,0,0
Kei Nishikori,Steve Johnson,5,0,1,0.2
Kei Nishikori,Tommy Paul,1,0,0,0
Kei Nishikori,Yoshihito Nishioka,1,1,0,0
Kevin Anderson,Kyle Edmund,2,1,1,0.5
Kevin Anderson,Laslo Djere,1,0,0,0
Kevin Anderson,Lucas Pouille,1,0,0,0
Kevin Anderson,Marin Cilic,5,4,3,0.6
Kevin Anderson,Mikhail Kukushkin,5,1,1,0.2
Kevin Anderson,Milos Raonic,2,1,1,0.5
Kevin Anderson,Nick Kyrgios,2,0,1,0.5
Kevin Anderson,Nikoloz Basilashvili,3,0,1,0.3333333333333333
Kevin Anderson,Norbert Gombos,1,0,0,0
Kevin Anderson,Novak Djokovic,7,7,6,0.8571428571428571
Kevin Anderson,Pablo Andujar,2,0,0,0
Kevin Anderson,Pierre-Hugues Herbert,2,0,1,0.5
Kevin Anderson,Radu Albot,1,0,0,0
Kevin Anderson,Rafael Nadal,4,4,3,0.75
Kevin Anderson,Reilly Opelka,1,1,0,0
Kevin Anderson,Richard Gasquet,10,6,5,0.5
Kevin Anderson,Roberto Bautista Agut,1,1,1,1
Kevin Anderson,Roger Federer,6,5,5,0.8333333333333334
Kevin Anderson,Salvatore Caruso,1,0,0,0
Kevin Anderson,Sam Querrey,11,4,4,0.36363636363636365
Kevin Anderson,Stan Wawrinka,8,4,5,0.625
Kevin Anderson,Stefanos Tsitsipas,3,2,2,0.6666666666666666
Kevin Anderson,Steve Johnson,8,4,3,0.375
Kevin Anderson,Vasek Pospisil,2,0,0,0
Kevin Anderson,Yoshihito Nishioka,1,0,0,0
Kyle Edmund,Lloyd Harris,1,0,0,0
Kyle Edmund,Lucas Pouille,2,1,1,0.5
Kyle Edmund,Marin Cilic,2,2,1,0.5
Kyle Edmund,Marton Fucsovics,2,0,1,0.5
Kyle Edmund,Matteo Berrettini,2,1,1,0.5
Kyle Edmund,Mikhail Kukushkin,1,1,0,0
Kyle Edmund,Milos Raonic,2,1,1,0.5
Kyle Edmund,Nick Kyrgios,2,1,1,0.5
Kyle Edmund,Nikoloz Basilashvili,3,1,1,0.3333333333333333
Kyle Edmund,Norbert Gombos,1,1,0,0
Kyle Edmund,Novak Djokovic,6,5,6,1
Kyle Edmund,Pablo Andujar,3,2,1,0.3333333333333333
Kyle Edmund,Radu Albot,3,0,1,0.3333333333333333
Kyle Edmund,Rafael Nadal,1,1,1,1
Kyle Edmund,Richard Gasquet,4,1,2,0.5
Kyle Edmund,Roberto Bautista Agut,1,0,1,1
Kyle Edmund,Roberto Carballes Baena,1,0,0,0
Kyle Edmund,Roger Federer,1,1,1,1
Kyle Edmund,Sam Querrey,2,2,1,0.5
Kyle Edmund,Stan Wawrinka,2,2,1,0.5
Kyle Edmund,Stefanos Tsitsipas,1,1,1,1
Kyle Edmund,Steve Johnson,4,2,2,0.5
Kyle Edmund,Tennys Sandgren,1,0,0,0
Kyle Edmund,Ugo Humbert,1,0,0,0
Kyle Edmund,Vasek Pospisil,1,1,0,0
Kyle Edmund,Yoshihito Nishioka,1,1,0,0
Laslo Djere,Lloyd Harris,1,1,1,1
Laslo Djere,Lorenzo Sonego,2,1,1,0.5
Laslo Djere,Lucas Pouille,1,1,1,1
Laslo Djere,Marin Cilic,1,1,1,1
Laslo Djere,Matteo Berrettini,1,1,1,1
Laslo Djere,Mikhail Kukushkin,3,2,2,0.6666666666666666
Laslo Djere,Miomir Kecmanovic,2,2,1,0.5
Laslo Djere,Nikoloz Basilashvili,4,2,3,0.75
Laslo Djere,Norbert Gombos,1,0,0,0
Laslo Djere,Pierre-Hugues Herbert,1,1,1,1
Laslo Djere,Richard Gasquet,1,1,1,1
Laslo Djere,Roberto Bautista Agut,1,1,1,1
Laslo Djere,Roberto Carballes Baena,1,1,1,1
Laslo Djere,Tommy Paul,1,1,1,1
Laslo Djere,Yoshihito Nishioka,1,1,1,1
Lloyd Harris,Marton Fucsovics,1,0,1,1
Lloyd Harris,Miomir Kecmanovic,1,0,0,0
Lloyd Harris,Reilly Opelka,1,0,1,1
Lloyd Harris,Roger Federer,1,1,1,1
Lloyd Harris,Sam Querrey,1,1,1,1
Lloyd Harris,Steve Johnson,1,1,1,1
Lloyd Harris,Tommy Paul,1,0,1,1
Lorenzo Sonego,Lucas Pouille,1,1,1,1
Lorenzo Sonego,Marton Fucsovics,2,2,1,0.5
Lorenzo Sonego,Mikhail Kukushkin,1,1,1,1
Lorenzo Sonego,Miomir Kecmanovic,2,0,1,0.5
Lorenzo Sonego,Nick Kyrgios,2,2,2,1
Lorenzo Sonego,Pablo Andujar,2,1,1,0.5
Lorenzo Sonego,Radu Albot,1,1,0,0
Lorenzo Sonego,Richard Gasquet,2,1,2,1
Lorenzo Sonego,Roberto Carballes Baena,2,1,1,0.5
Lorenzo Sonego,Roger Federer,1,1,1,1
Lorenzo Sonego,Yannick Hanfmann,1,0,0,0
Lorenzo Sonego,Yoshihito Nishioka,1,0,1,1
Lucas Pouille,Matteo Berrettini,1,1,1,1
Lucas Pouille,Mikhail Kukushkin,4,1,2,0.5
Lucas Pouille,Milos Raonic,5,4,3,0.6
Lucas Pouille,Nick Kyrgios,1,1,1,1
Lucas Pouille,Novak Djokovic,3,3,3,1
Lucas Pouille,Pierre-Hugues Herbert,3,1,1,0.3333333333333333
Lucas Pouille,Rafael Nadal,3,2,3,1
Lucas Pouille,Richard Gasquet,6,1,3,0.5
Lucas Pouille,Roberto Bautista Agut,4,3,3,0.75
Lucas Pouille,Roger Federer,2,2,2,1
Lucas Pouille,Sam Querrey,2,2,1,0.5
Lucas Pouille,Stan Wawrinka,1,1,1,1
Lucas Pouille,Stefanos Tsitsipas,1,1,1,1
Lucas Pouille,Steve Johnson,1,0,0,0
Lucas Pouille,Tennys Sandgren,1,1,0,0
Lucas Pouille,Tommy Paul,1,1,0,0
Lucas Pouille,Vasek Pospisil,1,1,0,0
Lucas Pouille,Yoshihito Nishioka,2,0,1,0.5
Marcos Giron,Mikhail Kukushkin,1,1,1,1
Marcos Giron,Milos Raonic,1,1,1,1
Marcos Giron,Miomir Kecmanovic,1,0,1,1
Marcos Giron,Roberto Carballes Baena,1,1,1,1
Marcos Giron,Salvatore Caruso,1,1,1,1
Marcos Giron,Stefanos Tsitsipas,1,1,1,1
Marcos Giron,Yoshihito Nishioka,2,2,2,1
Marin Cilic,Marton Fucsovics,2,0,0,0
Marin Cilic,Mikhail Kukushkin,2,0,0,0
Marin Cilic,Milos Raonic,3,1,1,0.3333333333333333
Marin Cilic,Nick Kyrgios,3,1,1,0.3333333333333333
Marin Cilic,Novak Djokovic,12,10,10,0.8333333333333334
Marin Cilic,Pablo Andujar,3,1,1,0.3333333333333333
Marin Cilic,Pierre-Hugues Herbert,2,0,0,0
Marin Cilic,Radu Albot,1,1,0,0
Marin Cilic,Rafael Nadal,7,7,6,0.8571428571428571
Marin Cilic,Richard Gasquet,3,2,1,0.3333333333333333
Marin Cilic,Roberto Bautista Agut,6,2,3,0.5
Marin Cilic,Roger Federer,8,7,6,0.75
Marin Cilic,Sam Querrey,5,0,2,0.4
Marin Cilic,Stan Wawrinka,7,7,4,0.5714285714285714
Marin Cilic,Stefanos Tsitsipas,1,0,1,1
Marin Cilic,Steve Johnson,5,0,1,0.2
Marin Cilic,Tennys Sandgren,1,0,0,0
Marin Cilic,Vasek Pospisil,3,0,0,0
Marin Cilic,Yoshihito Nishioka,1,0,0,0
Marton Fucsovics,Matteo Berrettini,1,0,1,1
Marton Fucsovics,Mikhail Kukushkin,1,1,0,0
Marton Fucsovics,Milos Raonic,2,2,2,1
Marton Fucsovics,Miomir Kecmanovic,1,1,0,0
Marton Fucsovics,Nikoloz Basilashvili,6,3,3,0.5
Marton Fucsovics,Novak Djokovic,2,2,2,1
Marton Fucsovics,Radu Albot,3,2,1,0.3333333333333333
Marton Fucsovics,Roger Federer,2,2,2,1
Marton Fucsovics,Sam Querrey,1,0,1,1
Marton Fucsovics,Stan Wawrinka,4,3,3,0.75
Marton Fucsovics,Stefano Travaglia,1,0,0,0
Marton Fucsovics,Stefanos Tsitsipas,1,1,1,1
Marton Fucsovics,Steve Johnson,1,0,1,1
Marton Fucsovics,Vasek Pospisil,1,0,0,0
Marton Fucsovics,Yannick Hanfmann,1,1,0,0
Matteo Berrettini,Mikhail Kukushkin,2,1,1,0.5
Matteo Berrettini,Nick Kyrgios,1,0,1,1
Matteo Berrettini,Nikoloz Basilashvili,3,1,1,0.3333333333333333
Matteo Berrettini,Pablo Andujar,1,0,0,0
Matteo Berrettini,Radu Albot,2,0,0,0
Matteo Berrettini,Rafael Nadal,1,1,1,1
Matteo Berrettini,Richard Gasquet,1,0,1,1
Matteo Berrettini,Roberto Bautista Agut,4,1,2,0.5
Matteo Berrettini,Roberto Carballes Baena,1,0,0,0
Matteo Berrettini,Roger Federer,1,1,1,1
Matteo Berrettini,Sam Querrey,1,1,0,0
Matteo Berrettini,Stefanos Tsitsipas,2,2,1,0.5
Matteo Berrettini,Tennys Sandgren,1,1,0,0
Mikhail Kukushkin,Milos Raonic,1,1,1,1
Mikhail Kukushkin,Miomir Kecmanovic,1,0,0,0
Mikhail Kukushkin,Nick Kyrgios,2,2,2,1
Mikhail Kukushkin,Nikoloz Basilashvili,1,1,0,0
Mikhail Kukushkin,Norbert Gombos,1,0,0,0
Mikhail Kukushkin,Novak Djokovic,1,1,1,1
Mikhail Kukushkin,Pablo Andujar,1,0,0,0
Mikhail Kukushkin,Pierre-Hugues Herbert,1,0,0,0
Mikhail Kukushkin,Radu Albot,3,1,1,0.3333333333333333
Mikhail Kukushkin,Rafael Nadal,3,3,3,1
Mikhail Kukushkin,Richard Gasquet,3,3,2,0.6666666666666666
Mikhail Kukushkin,Roberto Bautista Agut,4,3,3,0.75
Mikhail Kukushkin,Roberto Carballes Baena,1,0,0,0
Mikhail Kukushkin,Roger Federer,2,2,2,1
Mikhail Kukushkin,Sam Querrey,4,3,3,0.75
Mikhail Kukushkin,Stan Wawrinka,1,0,1,1
Mikhail Kukushkin,Stefanos Tsitsipas,4,4,3,0.75
Mikhail Kukushkin,Steve Johnson,3,1,2,0.6666666666666666
Mikhail Kukushkin,Tennys Sandgren,2,0,1,0.5
Mikhail Kukushkin,Ugo Humbert,1,0,0,0
Mikhail Kukushkin,Vasek Pospisil,3,0,1,0.3333333333333333
Milos Raonic,Miomir Kecmanovic,2,0,0,0
Milos Raonic,Nick Kyrgios,7,3,3,0.42857142857142855
Milos Raonic,Novak Djokovic,7,7,6,0.8571428571428571
Milos Raonic,Pablo Andujar,2,0,0,0
Milos Raonic,Pierre-Hugues Herbert,1,0,0,0
Milos Raonic,Rafael Nadal,8,6,6,0.75
Milos Raonic,Reilly Opelka,1,0,0,0
Milos Raonic,Richard Gasquet,4,1,2,0.5
Milos Raonic,Roberto Bautista Agut,5,0,2,0.4
Milos Raonic,Roger Federer,13,10,10,0.7692307692307693
Milos Raonic,Sam Querrey,6,2,2,0.3333333333333333
Milos Raonic,Stan Wawrinka,8,5,5,0.625
Milos Raonic,Steve Johnson,4,1,1,0.25
Milos Raonic,Vasek Pospisil,3,1,0,0
Miomir Kecmanovic,Norbert Gombos,1,1,0,0
Miomir Kecmanovic,Pierre-Hugues Herbert,1,0,1,1
Miomir Kecmanovic,Reilly Opelka,1,0,1,1
Miomir Kecmanovic,Roberto Bautista Agut,1,1,1,1
Miomir Kecmanovic,Roberto Carballes Baena,1,0,0,0
Miomir Kecmanovic,Ugo Humbert,2,0,1,0.5
Nick Kyrgios,Nikoloz Basilashvili,1,0,0,0
Nick Kyrgios,Norbert Gombos,2,0,0,0
Nick Kyrgios,Novak Djokovic,2,0,2,1
Nick Kyrgios,Pierre-Hugues Herbert,1,0,0,0
Nick Kyrgios,Radu Albot,2,1,0,0
Nick Kyrgios,Rafael Nadal,7,4,6,0.8571428571428571
Nick Kyrgios,Richard Gasquet,7,5,3,0.42857142857142855
Nick Kyrgios,Roberto Bautista Agut,1,0,0,0
Nick Kyrgios,Roberto Carballes Baena,1,0,0,0
Nick Kyrgios,Roger Federer,4,3,3,0.75
Nick Kyrgios,Salvatore Caruso,1,0,0,0
Nick Kyrgios,Sam Querrey,2,1,1,0.5
Nick Kyrgios,Stan Wawrinka,4,2,2,0.5
Nick Kyrgios,Stefanos Tsitsipas,1,0,1,1
Nick Kyrgios,Steve Johnson,1,0,0,0
Nick Kyrgios,Vasek Pospisil,1,0,0,0
Nick Kyrgios,Yoshihito Nishioka,3,0,1,0.3333333333333333
Nikoloz Basilashvili,Novak Djokovic,2,2,2,1
Nikoloz Basilashvili,Radu Albot,4,1,1,0.25
Nikoloz Basilashvili,Rafael Nadal,3,3,3,1
Nikoloz Basilashvili,Roberto Bautista Agut,3,2,2,0.6666666666666666
Nikoloz Basilashvili,Roberto Carballes Baena,1,0,0,0
Nikoloz Basilashvili,Roger Federer,1,1,1,1
Nikoloz Basilashvili,Sam Querrey,2,2,1,0.5
Nikoloz Basilashvili,Stefano Travaglia,1,0,0,0
Nikoloz Basilashvili,Stefanos Tsitsipas,2,2,2,1
Nikoloz Basilashvili,Steve Johnson,1,1,1,1
Nikoloz Basilashvili,Ugo Humbert,1,0,0,0
Nikoloz Basilashvili,Vasek Pospisil,3,2,1,0.3333333333333333
Norbert Gombos,Pierre-Hugues Herbert,1,1,1,1
Norbert Gombos,Salvatore Caruso,2,2,1,0.5
Norbert Gombos,Yoshihito Nishioka,1,1,1,1
Novak Djokovic,Pablo Andujar,1,0,0,0
Novak Djokovic,Pierre-Hugues Herbert,1,0,0,0
Novak Djokovic,Rafael Nadal,29,10,12,0.41379310344827586
Novak Djokovic,Richard Gasquet,9,0,1,0.1111111111111111
Novak Djokovic,Roberto Bautista Agut,11,3,2,0.18181818181818182
Novak Djokovic,Roberto Carballes Baena,1,0,0,0
Novak Djokovic,Roger Federer,25,8,9,0.36
Novak Djokovic,Salvatore Caruso,1,0,0,0
Novak Djokovic,Sam Querrey,7,2,1,0.14285714285714285
Novak Djokovic,Stan Wawrinka,11,3,2,0.18181818181818182
Novak Djokovic,Stefanos Tsitsipas,4,2,1,0.25
Novak Djokovic,Steve Johnson,1,0,0,0
Novak Djokovic,Tennys Sandgren,2,0,0,0
Novak Djokovic,Ugo Humbert,1,0,0,0
Novak Djokovic,Vasek Pospisil,4,0,0,0
Pablo Andujar,Pierre-Hugues Herbert,1,1,1,1
Pablo Andujar,Rafael Nadal,3,3,3,1
Pablo Andujar,Reilly Opelka,1,1,1,1
Pablo Andujar,Richard Gasquet,1,1,1,1
Pablo Andujar,Roberto Bautista Agut,2,2,2,1
Pablo Andujar,Stan Wawrinka,3,3,3,1
Pablo Andujar,Stefano Travaglia,1,1,0,0
Pablo Andujar,Stefanos Tsitsipas,1,1,1,1
Pablo Andujar,Steve Johnson,2,0,1,0.5
Pablo Andujar,Vasek Pospisil,1,0,0,0
Pierre-Hugues Herbert,Radu Albot,1,1,0,0
Pierre-Hugues Herbert,Rafael Nadal,1,1,1,1
Pierre-Hugues Herbert,Richard Gasquet,1,1,1,1
Pierre-Hugues Herbert,Roberto Bautista Agut,4,4,3,0.75
Pierre-Hugues Herbert,Roger Federer,1,1,1,1
Pierre-Hugues Herbert,Sam Querrey,3,2,2,0.6666666666666666
Pierre-Hugues Herbert,Stan Wawrinka,1,1,1,1
Pierre-Hugues Herbert,Stefano Travaglia,1,0,0,0
Pierre-Hugues Herbert,Stefanos Tsitsipas,1,0,1,1
Pierre-Hugues Herbert,Steve Johnson,2,1,1,0.5
Pierre-Hugues Herbert,Yoshihito Nishioka,1,1,1,1
Radu Albot,Reilly Opelka,1,0,1,1
Radu Albot,Roberto Carballes Baena,1,1,0,0
Radu Albot,Roger Federer,2,2,2,1
Radu Albot,Sam Querrey,3,3,2,0.6666666666666666
Radu Albot,Stefanos Tsitsipas,1,1,1,1
Radu Albot,Steve Johnson,3,1,2,0.6666666666666666
Radu Albot,Tennys Sandgren,2,0,1,0.5
Radu Albot,Tommy Paul,1,1,1,1
Radu Albot,Vasek Pospisil,2,2,1,0.5
Radu Albot,Yoshihito Nishioka,2,1,1,0.5
Rafael Nadal,Richard Gasquet,8,0,1,0.125
Rafael Nadal,Roberto Bautista Agut,3,0,0,0
Rafael Nadal,Roberto Carballes Baena,1,0,0,0
Rafael Nadal,Roger Federer,16,7,7,0.4375
Rafael Nadal,Sam Querrey,3,1,0,0
Rafael Nadal,Stan Wawrinka,13,3,3,0.23076923076923078
Rafael Nadal,Stefanos Tsitsipas,5,1,1,0.2
Rafael Nadal,Steve Johnson,1,0,0,0
Rafael Nadal,Vasek Pospisil,2,0,0,0
Rafael Nadal,Yannick Hanfmann,1,0,0,0
Rafael Nadal,Yoshihito Nishioka,1,0,0,0
Reilly Opelka,Roberto Bautista Agut,2,1,1,0.5
Reilly Opelka,Sam Querrey,1,1,1,1
Reilly Opelka,Stan Wawrinka,1,0,1,1
Reilly Opelka,Stefano Travaglia,1,1,0,0
Reilly Opelka,Steve Johnson,1,1,1,1
Reilly Opelka,Tennys Sandgren,1,0,0,0
Richard Gasquet,Roberto Bautista Agut,7,5,4,0.5714285714285714
Richard Gasquet,Roberto Carballes Baena,1,0,0,0
Richard Gasquet,Roger Federer,9,8,8,0.8888888888888888
Richard Gasquet,Sam Querrey,3,0,1,0.3333333333333333
Richard Gasquet,Stan Wawrinka,2,1,1,0.5
Richard Gasquet,Stefanos Tsitsipas,2,1,1,0.5
Richard Gasquet,Steve Johnson,3,1,1,0.3333333333333333
Richard Gasquet,Vasek Pospisil,4,2,1,0.25
Roberto Bautista Agut,Roger Federer,9,9,7,0.7777777777777778
Roberto Bautista Agut,Sam Querrey,3,0,1,0.3333333333333333
Roberto Bautista Agut,Stan Wawrinka,2,1,1,0.5
Roberto Bautista Agut,Stefanos Tsitsipas,1,1,1,1
Roberto Bautista Agut,Steve Johnson,7,0,2,0.2857142857142857
Roberto Bautista Agut,Vasek Pospisil,3,0,0,0
Roberto Bautista Agut,Yannick Hanfmann,1,0,0,0
Roberto Bautista Agut,Yoshihito Nishioka,2,1,1,0.5
Roberto Carballes Baena,Sam Querrey,1,1,1,1
Roberto Carballes Baena,Stefano Travaglia,1,0,1,1
Roberto Carballes Baena,Stefanos Tsitsipas,1,1,1,1
Roberto Carballes Baena,Ugo Humbert,1,0,1,1
Roger Federer,Sam Querrey,1,0,0,0
Roger Federer,Stan Wawrinka,17,2,4,0.23529411764705882
Roger Federer,Stefanos Tsitsipas,3,1,1,0.3333333333333333
Roger Federer,Steve Johnson,3,0,0,0
Roger Federer,Vasek Pospisil,3,0,0,0
Roger Federer,Yoshihito Nishioka,1,0,0,0
Salvatore Caruso,Sam Querrey,1,1,1,1
Salvatore Caruso,Stefano Travaglia,1,1,1,1
Salvatore Caruso,Stefanos Tsitsipas,1,1,1,1
Sam Querrey,Stan Wawrinka,5,3,3,0.6
Sam Querrey,Steve Johnson,3,0,1,0.3333333333333333
Sam Querrey,Tennys Sandgren,1,0,0,0
Sam Querrey,Vasek Pospisil,2,1,1,0.5
Sam Querrey,Yoshihito Nishioka,1,0,0,0
Stan Wawrinka,Stefanos Tsitsipas,1,0,0,0
Stan Wawrinka,Steve Johnson,4,1,1,0.25
Stan Wawrinka,Tennys Sandgren,1,1,0,0
Stan Wawrinka,Ugo Humbert,1,0,0,0
Stan Wawrinka,Yoshihito Nishioka,1,0,0,0
Stefano Travaglia,Vasek Pospisil,1,0,0,0
Stefanos Tsitsipas,Tommy Paul,1,0,0,0
Stefanos Tsitsipas,Vasek Pospisil,1,1,0,0
Stefanos Tsitsipas,Yannick Hanfmann,1,0,0,0
Steve Johnson,Tennys Sandgren,1,0,0,0
Steve Johnson,Tommy Paul,1,0,0,0
Steve Johnson,Vasek Pospisil,1,0,0,0
Steve Johnson,Yoshihito Nishioka,1,0,0,0
Tennys Sandgren,Vasek Pospisil,2,1,1,0.5
Tennys Sandgren,Yoshihito Nishioka,1,1,1,1
Tommy Paul,Yannick Hanfmann,1,0,0,0
Tommy Paul,Yoshihito Nishioka,1,1,1,1
